id,domain,status,purchase_price,renewal_price,attractiveness,demand,length,registrar,created_at,expires_at,status_verified_at
230d0075-8c2e-4ded-9c78-b96c8088363d,avoid.club,premium,960,17.7,high,low,5,namesilo,,,13/09/2026 06:44
54c73bd1-b064-4e4e-8592-b661fc8c2eb9,paces.club,premium,32.5,19.5,medium,low,5,namecheap,,,02/10/2026 12:26
c8613daa-8619-43a8-a125-4d4da3ea9c69,appreciated.club,premium,25.5,,high,low,11,unstoppable,,,28/09/2026 07:22
4a18c7fc-6e59-4e18-897b-07382a44d95a,macintosh.club,premium,29.5,17.7,high,low,9,namesilo,,,01/10/2026 02:55
816f464e-8ae3-4802-96c1-79b38ea39ab2,unwavering.club,premium,29.5,17.7,high,low,10,namesilo,,,18/08/2026 05:12
ffcf86fd-9631-4ca0-9e8b-bb1eceba357d,scholarly.club,premium,302.5,17.7,high,low,9,namesilo,,,09/09/2026 23:11
fa97a68a-4de3-4140-9878-8b54bd77f305,inchoate.club,premium,29.5,17.7,medium,low,8,namesilo,,,22/08/2026 01:16
d514ea1f-c762-455f-9bac-827958cc03bd,aliform.club,available,4.98,24.98,medium,low,7,namecheap,,,
f5140731-651d-4bd0-8665-31ddcf60f680,perch.club,available,,,high,low,5,,,,
e5d63c15-8467-4572-a3d1-01ae8998eb2d,nails.club,premium,960,17.7,high,low,5,namesilo,,,
88cad2d9-0efc-401a-9826-72966e1f1d97,nicholas.club,premium,302.5,17.7,high,low,8,namesilo,,,28/09/2026 02:29
0984d87a-2a5a-42dc-bf8f-17800f3a7f5c,performed.club,premium,29.5,17.7,medium,low,9,namesilo,,,
d0106df1-2add-4dc8-99d3-428b33727445,valuable.club,premium,825,15.96,high,low,8,dynadot,,,28/09/2026 10:06
41ddaa94-8580-4300-8626-621cbdbf671e,pounds.club,premium,32.5,19.5,medium,low,6,namecheap,,,18/09/2026 01:51
e20cdf0a-ff95-493d-a214-26f173e00ceb,absent.club,premium,53.92,17.7,high,low,6,namesilo,,,21/09/2026 14:37
e98b3838-7944-4b54-a862-e539d5e48493,bluewing.club,available,4.99,19.49,medium,low,8,namesilo,,,19/09/2026 02:57
786065d3-abb4-4aef-a7e6-fda5e61ee36a,poets.club,premium,2587.7,15.73,medium,low,5,spaceship,,,28/09/2026 22:26
d3d5c448-0840-4c53-8c05-3b6599c50812,pushchair.club,available,4.99,19.49,high,low,9,namesilo,,,21/09/2026 13:21
e5dadcd8-84b4-4c34-8e86-fcc4a92bfe8f,intro.club,resell,,,high,low,5,"NameSilo, LLC",17/11/2016 17:37,16/11/2027 23:59,30/09/2026 00:18
bfe6b546-9084-47ed-a4b0-8d17ed8772ce,laugh.club,resell,,,high,low,5,"GoDaddy.com, LLC",03/11/2023 21:02,03/01/2027 17:11,29/09/2026 20:26
5644be18-4507-4e04-8b35-f7809f347847,arable.club,premium,29.5,17.7,medium,low,6,namesilo,,,06/08/2026 11:14
f0ad2c86-f83d-4d1a-8d84-47527ad4dc1c,belisarius.club,available,4.99,19.49,medium,low,10,namesilo,,,23/09/2026 05:17
af632b52-f512-449a-8471-ae7a8c81a9b6,simonds.club,available,15.2,15.2,medium,low,7,cloudflare,,,02/10/2026 10:59
8b3cf53f-bad3-448a-8e86-f64f1edd148b,tablets.club,premium,116,17.7,high,low,7,namesilo,,,18/09/2026 15:46
a9e3c0fe-b70e-4f5c-a9d8-6c39266cbd9d,champaign.club,premium,130,19.5,medium,low,9,namecheap,,,08/09/2026 20:30
31f0ad50-e74c-4d9c-a2b7-ac6a5720d31d,mortgaged.club,premium,29.5,17.7,medium,low,9,namesilo,,,25/08/2026 06:38
6efc6b5e-3ccf-47aa-b55b-4019e147f786,merger.club,resell,,,high,low,6,"GoDaddy.com, LLC",29/05/2014 02:12,28/05/2027 23:59,28/09/2026 20:49
3fb21d3f-5b64-41cc-bb38-02b33343dda7,unowned.club,premium,29.5,17.7,medium,low,7,namesilo,,,04/09/2026 22:16
6a87b25d-9cbb-445d-b237-530e10449bcd,speaks.club,premium,29.5,17.7,medium,low,6,namesilo,,,16/09/2026 07:20
15409c7f-e6cb-4364-9277-e8ad8b6dfb8d,considerate.club,premium,29.5,17.7,high,low,11,namesilo,,,01/10/2026 04:44
7fde56cb-5eea-47e4-962a-6562f06df2c5,marche.club,premium,26.08,15.73,high,low,6,spaceship,,,29/09/2026 13:23
0287d922-d6b1-415f-81da-cde8ed2cfd6e,bordello.club,premium,325,19.5,medium,low,8,namecheap,,,21/09/2026 18:17
7152e604-6687-4805-b6a0-25db499a51be,tallahassee.club,premium,960,17.7,medium,low,11,namesilo,,,02/10/2026 08:29
e1365b42-9b8b-4757-9cea-96f26406f986,whose.club,premium,1107,17.7,high,low,5,namesilo,,,30/09/2026 22:25
501c4da2-7c46-4bcf-a024-f96efa03a766,continues.club,premium,29.5,17.7,medium,low,9,namesilo,,,17/09/2026 13:29
b36a1018-4c5c-4b10-a171-a9c6bcca3196,retaining.club,premium,29.5,17.7,high,low,9,namesilo,,,30/09/2026 04:00
f8009441-c33a-467d-a775-c862b1fbcd77,rebuilt.club,premium,26.08,15.73,high,low,7,spaceship,,,29/09/2026 16:05
b0599849-6c17-4ffb-b6d7-f26981c575b2,espn.club,premium,,,high,low,4,,,,28/09/2026 08:02
3394bdb1-edcc-4ba0-b29e-2937049be71f,heraldic.club,premium,29.5,17.7,medium,low,8,namesilo,,,21/08/2026 06:53
9e866e3e-7656-4a00-aa2b-772823952b46,implied.club,premium,26.08,15.73,high,low,7,spaceship,,,30/09/2026 22:53
305fd41c-a16e-4ee1-8460-408ea70872f7,drifted.club,premium,26.08,15.73,low,low,7,spaceship,,,30/09/2026 07:02
9e12633d-b91d-4f1f-95f8-64f19f8330c2,seafaring.club,premium,29.5,17.7,medium,low,9,namesilo,,,04/09/2026 00:22
b4263d0e-2588-4948-b27d-88f7aa0d85af,apprehensive.club,premium,29.5,17.7,medium,low,12,namesilo,,,02/10/2026 06:57
4a1ed4c2-a743-4d57-be40-995d70439d49,bernd.club,available,4.99,19.49,high,low,5,namesilo,,,01/10/2026 23:12
44500277-f2b2-4359-a957-0957ce5cb238,amebous.club,available,4.98,24.98,medium,low,7,namecheap,,,
aa78af58-1bde-4bfe-b6e0-8c14fd623f31,nca.club,premium,181.33,15.73,high,low,3,spaceship,,,02/10/2026 00:32
5ef334fc-eaf2-4757-8604-495315e09771,handicapped.club,premium,25.5,,medium,low,11,unstoppable,,,29/09/2026 03:14
ef21da64-0f65-4fca-b1bb-c4526dd3ff74,ancona.club,premium,29.5,17.7,high,low,6,namesilo,,,30/09/2026 03:22
db375df4-9cb9-4203-bdcb-7a803d98e726,obdurate.club,premium,32.5,19.5,medium,low,8,namecheap,,,13/08/2026 12:15
822a83bb-dcfa-492c-baa6-f6ba9cc8e9f5,salvific.club,premium,32.5,19.5,high,medium,8,namecheap,,,09/09/2026 21:03
27a509ae-be5a-4e15-ba1f-1ccab18d0682,laval.club,resell,,,medium,low,5,,,,28/09/2026 05:09
d9d72797-0eeb-499e-aba3-6b230be18d26,odi.club,premium,224,17.7,high,low,3,namesilo,,,30/09/2026 03:42
7ca32b64-5d57-4faa-8953-59b9cb078b6a,qtips.club,available,4.99,19.49,medium,low,6,namesilo,,,17/09/2026 10:12
e2a9f2fe-2d13-44a0-8f21-05e9f02d3be3,goshawk.club,premium,29.5,17.7,medium,low,7,namesilo,,,16/09/2026 22:31
8cae34de-eb00-4a25-86d5-07993d8cc3fb,decline.club,premium,,,medium,low,7,,,,28/09/2026 13:52
3afea52f-29bd-427a-8446-77a75412dbb8,brimming.club,premium,29.5,17.7,medium,low,8,namesilo,,,11/08/2026 04:12
9e02ca07-39e8-4c4d-a474-d65cd2bd58ec,forgets.club,premium,26.08,15.73,medium,low,7,spaceship,,,30/09/2026 16:05
fb89c353-a6a4-469f-8088-015b388ddce7,bari.club,premium,29.5,17.7,high,low,4,namesilo,,,22/09/2026 05:51
0b2997a3-d16f-49c5-b334-7894303b2f75,baroness.club,premium,32.5,19.5,high,low,8,namecheap,,,22/09/2026 07:21
c8ee70c1-ff3a-4471-91f5-0a5b6fe30064,mob.club,premium,6500,19.5,high,low,3,namecheap,,,24/09/2026 19:26
13ef09e6-8894-4096-b0a7-9fd3ce8db1aa,unimagined.club,premium,29.5,17.7,medium,low,10,namesilo,,,12/09/2026 08:26
6d2608d3-c6ab-48d4-9d08-972030a346cc,venezuelan.club,premium,53.92,17.7,high,low,10,namesilo,,,13/09/2026 02:04
2459ea6c-74c2-4a60-bcc8-40825205f0bc,fetching.club,premium,29.5,17.7,high,low,8,namesilo,,,18/08/2026 02:20
59e6513b-dd92-47e3-b9fa-a59b165f24e6,worth.club,premium,2500.5,,high,low,5,unstoppable,,,28/09/2026 11:03
f34c00af-b872-4445-b3de-3ad3f3a31cb1,khrushchev.club,available,4.99,19.49,medium,low,10,namesilo,,,03/10/2026 01:25
a933775f-c613-410f-af1b-c2ea52fa9e1a,discus.club,premium,116,17.7,high,low,6,namesilo,,,24/09/2026 22:35
44edb125-b401-4cd7-a15f-e155a25456ea,woes.club,premium,29.5,17.7,low,low,4,namesilo,,,20/09/2026 07:52
603df39d-00f7-480a-ab9f-30eaaa6814fe,ribeiro.club,premium,25.5,,medium,low,7,unstoppable,,,30/09/2026 21:59
899342e6-d528-4e04-8df6-1e687271a00e,viet.club,resell,,,high,low,4,,,,27/09/2026 07:07
41e6870f-7920-42ce-82ca-07d889f93fb4,servicemen.club,premium,29.5,17.7,medium,low,10,namesilo,,,02/10/2026 12:09
47bed287-17a4-4db0-bf53-7545b7b47409,starlike.club,premium,32.5,19.5,medium,low,8,namecheap,,,10/09/2026 18:54
1b64a1c1-16f2-4fdf-8e3d-9daec4d0a822,clipped.club,premium,29.5,17.7,high,low,7,namesilo,,,12/08/2026 11:16
4958e4a4-0655-4e0a-9926-9837e3868fbd,reanimated.club,available,1.98,24.98,medium,low,10,namecheap,,,09/09/2026 10:58
ae2c953f-8827-44e9-b30d-6acd467329a4,acrogen.club,available,4.99,19.49,medium,low,7,namesilo,,,17/09/2026 03:44
f5249d3d-7f45-4dec-8bcc-61d99a15a26c,philippa.club,available,15.2,15.2,medium,low,8,cloudflare,,,01/10/2026 08:16
cf41ba5b-1f6f-4bdf-981d-56c6ab54902c,generate.club,premium,1035.2,15.73,high,low,8,spaceship,,,28/09/2026 19:12
03596a32-8bd1-4dbb-901b-697c98445cd0,tyke.club,premium,29.5,17.7,high,low,4,namesilo,,,25/08/2026 00:14
60a5149b-1f2b-474c-a702-5a986ee41879,weighted.club,premium,53.92,17.7,high,low,8,namesilo,,,13/09/2026 10:08
1f32fa1a-7af6-40cc-8666-5d3be639bca1,vienna.club,premium,960,17.7,high,low,6,namesilo,,,21/09/2026 04:57
5d0be2f3-e1ae-4e86-9b48-63f94d0d3283,rawlinson.club,available,20.5,,medium,low,9,unstoppable,,,02/10/2026 09:45
f230a051-cbd9-41d5-bfc8-c89543c62a02,formulaic.club,premium,29.5,17.7,medium,low,9,namesilo,,,18/08/2026 12:18
c84454d5-3539-433d-a9ca-42b11acc8f1b,girlfriends.club,premium,825,15.96,medium,low,11,dynadot,,,30/09/2026 06:17
c24a4d33-edc0-49e5-a563-33de68595d92,anouilh.club,available,4.99,19.49,medium,low,7,namesilo,,,19/09/2026 11:52
ca9864b4-1804-434a-a43a-9524f3ca19c4,spidery.club,premium,29.5,17.7,medium,low,7,namesilo,,,06/08/2026 11:46
535c8dd5-add6-46ad-9708-f747f8c8ea51,treatment.club,resell,,,high,low,9,"Spaceship, Inc.",07/05/2014 17:06,06/05/2027 23:59,02/10/2026 12:28
9a80f7cd-aa4a-4761-a983-c2a7c4961482,alternate.club,premium,29.5,17.7,high,low,9,namesilo,,,22/09/2026 02:29
8c0c5844-d02d-431d-802c-4c5eb59c3e9f,undone.club,premium,29.5,17.7,medium,low,6,namesilo,,,11/09/2026 01:55
29a0a653-a3a9-4c7c-93a0-90b24e2bacbb,propulsion.club,premium,29.5,17.7,high,low,10,namesilo,,,17/09/2026 05:22
543f6d4b-ded9-4bd7-9b71-78c6aacdcc91,barbecued.club,premium,29.5,17.7,medium,low,9,namesilo,,,08/08/2026 16:25
feb1359a-b5b5-4883-be24-c7c64a1c709d,tocqueville.club,available,3.82,15.78,high,low,11,spaceship,,,02/10/2026 20:35
41e3f5a1-7eb7-463f-9116-1893febae2ef,romish.club,available,4.98,24.98,medium,low,6,namecheap,,,05/09/2026 01:30
a56c76d8-eb5e-4f17-9dd4-c63751fb6292,carex.club,resell,,,high,low,5,,,,30/09/2026 08:57
aeab0870-45e8-4d41-806c-fc3d7f9691be,truncate.club,available,1.98,24.98,high,low,8,namecheap,,,11/09/2026 20:40
cccf3893-c771-434c-b8c6-1079b976d171,salads.club,premium,776.45,15.73,medium,low,6,spaceship,,,30/09/2026 14:29
4af36581-193a-433b-90a5-4613b6d290f0,vowels.club,premium,29.5,17.7,medium,low,6,namesilo,,,20/09/2026 00:07
e9ef92df-bd14-43ab-a862-050f8875df40,britton.club,premium,26.08,15.73,medium,low,7,spaceship,,,28/09/2026 12:10
cd6d4466-d0d7-46de-b2e2-e21f547678ac,northwest.club,resell,,,medium,low,9,"Spaceship, Inc.",09/04/2022 00:00,09/04/2027 00:00,28/09/2026 17:00
151a1f5d-4597-4dd4-be15-a19f446e7485,positive.club,resell,,,high,low,8,UM Domains Pte. Ltd.,21/07/2026 00:01,21/07/2027 00:01,26/09/2026 08:15
32ab0f18-d22a-4a2e-8639-467df668415d,becomes.club,premium,29.5,17.7,medium,low,7,namesilo,,,27/09/2026 10:31
3f410e0b-dfa3-41cd-83c7-dfb0b5450428,rosenblatt.club,available,20.5,,medium,low,10,unstoppable,,,02/10/2026 20:35
ddce8109-e056-4c3a-bde0-c43778be1313,challenger.club,premium,,,high,low,10,Porkbun,30/05/2018 15:18,30/05/2027 15:18,29/09/2026 06:18
c5a975b1-ba5b-4347-b1ba-e4f5d7017dea,accompanying.club,premium,32.5,19.5,medium,low,12,namecheap,,,29/09/2026 06:23
c017d7b8-ffbe-49bb-a2f2-66ec228b00f2,medford.club,premium,,,high,low,7,,,,28/09/2026 10:21
e0670606-7e94-4294-af87-d56b525cf6ca,cleanly.club,premium,29.5,17.7,high,low,7,namesilo,,,12/08/2026 10:21
b752d6b6-7c69-4a8c-b9d7-239c3a363104,poll.club,premium,750.5,17.7,high,low,4,unstoppable,,,29/09/2026 06:42
38e98a6d-b794-4a9d-9288-9ac27c7752d6,darwinian.club,premium,33.49,20.09,medium,low,9,name.com,,,13/08/2026 18:25
41ac1eb9-a71e-4c50-bbf7-fa3c511e1d4d,hemisphere.club,premium,103.7,15.73,high,low,10,spaceship,,,29/09/2026 06:17
5a9a7033-c113-41ee-b88c-53562c918ced,femur.club,premium,27.82,16.9,high,low,5,porkbun,,,01/10/2026 19:33
6e574d06-1dc3-4f35-8e99-e74b809fc6b6,kingston.club,premium,,,high,low,8,,,,29/09/2026 00:19
f9ab8587-ec9a-4350-adbd-3989c8056a3e,bye.club,premium,224,17.7,high,low,3,namesilo,,,28/09/2026 18:38
1fb206cf-9d9d-4080-94ba-e4fd03b2ca56,worshipful.club,premium,29.5,17.7,high,low,10,namesilo,,,
7ab2afb4-26b7-4fff-8cf2-ece4de8d99d8,doubtless.club,premium,29.5,17.7,high,low,9,namesilo,,,14/09/2026 13:54
a3182c3c-4b06-4af0-a76c-a439f65f73ba,athanasius.club,available,4.98,24.98,medium,low,10,namecheap,,,20/09/2026 20:26
4f4a4cfb-aabb-4acc-90be-a5c20388100d,robison.club,available,15.2,15.2,medium,low,7,cloudflare,,,30/09/2026 21:35
f0d30044-15d4-4310-a8b7-e967afcd588f,sein.club,premium,27.5,15.96,high,low,4,dynadot,,,30/09/2026 19:18
a3717462-5522-48c8-84d5-d2252a8db3f1,edward.club,premium,302.5,17.7,high,low,6,namesilo,,,18/09/2026 02:39
ead581c4-6779-41c7-9efd-ac6bc6fd2df4,openness.club,premium,26.08,15.73,high,low,8,spaceship,,,03/10/2026 01:43
27d9e8f3-e64b-4f13-9821-17241cbbfffd,potent.club,premium,960,17.7,high,low,6,namesilo,,,09/09/2026 00:48
b74df27a-1596-4187-a73f-9a70f61699c9,starts.club,premium,53.92,17.7,medium,low,6,namesilo,,,
3761ba68-7432-4915-994c-6dfd7da1b9c4,duracell.club,available,4.99,19.49,high,low,8,namesilo,,,02/10/2026 06:21
d144e2c2-0671-4c42-a73d-9ec2463e697d,elephant.club,premium,1107,17.7,high,low,8,namesilo,,,25/09/2026 22:36
8c7ce74a-69ad-4c2c-9fcc-6ca56dfcec1f,grant.club,resell,,,high,low,5,,,,27/09/2026 12:18
dcdcfe74-d43d-445d-87aa-a0eac376356d,unearthly.club,premium,29.5,17.7,medium,low,9,namesilo,,,16/08/2026 02:28
845e647d-6255-4d17-a9e1-51c2f2ace1c1,arousal.club,premium,1300,19.5,high,medium,7,namecheap,,,09/09/2026 19:07
94e95eb7-2d37-4563-9a63-c1ddec6aa914,tru.club,premium,181.33,15.73,high,low,3,spaceship,,,02/10/2026 18:02
8e96f3a1-83ff-49ee-a46e-99dee3e02e15,unpackaged.club,available,1.98,24.98,medium,low,10,namecheap,,,12/09/2026 16:23
4ce5475c-18bb-4e34-9509-507fcc13bb28,bloodstream.club,premium,29.5,17.7,high,low,11,namesilo,,,01/10/2026 04:23
6a5a5b1b-d3b6-4e2b-b165-71724cd38782,antoinette.club,available,3.82,15.78,medium,low,10,spaceship,,,01/10/2026 08:30
f8f12d16-67bb-4f8f-8e3e-d0c441a93028,baptist.club,premium,116,17.7,high,low,7,namesilo,,,22/09/2026 03:32
a6960a27-8e37-416e-839f-af0c2f38ab25,ocean.club,resell,,,high,medium,5,"GoDaddy.com, LLC",09/04/2021 17:35,09/04/2027 17:35,30/09/2026 06:03
ba9d4ad8-65c4-4b3e-a9d4-865836666f16,ncs.club,premium,,,high,low,3,,,,02/10/2026 20:53
34372f08-1111-4dcc-a4af-bf667183c8f7,schweitzer.club,premium,32.5,19.5,high,low,10,namecheap,,,18/09/2026 02:40
59edf790-6fc3-497b-9c42-762b3fcab112,prole.club,available,1.98,24.98,high,low,5,namecheap,,,09/09/2026 03:01
3553c1fb-8415-4e24-b341-6353efeba5e6,nettie.club,available,3.82,15.78,medium,low,6,spaceship,,,02/10/2026 07:37
9c908403-c34c-4203-9204-b23f55d639f2,measurements.club,premium,29.5,17.7,medium,low,12,namesilo,,,29/09/2026 11:24
9801b058-ff76-4f22-a35a-dddd5ab06e08,philemon.club,available,4.99,19.49,medium,low,8,namesilo,,,02/10/2026 15:00
954d81dd-e8a6-4e6f-a499-8f06d716487c,church.club,premium,5175.2,15.73,high,medium,6,spaceship,,,29/09/2026 09:07
9a2e69d9-da8f-4454-9ef2-9bd5cbbaa96f,debasement.club,premium,29.5,17.7,medium,low,10,namesilo,,,17/09/2026 10:16
d2d03302-9e31-4242-94b4-0f91d740f93a,prater.club,resell,,,medium,low,6,InternetX GmbH,09/12/2014 12:04,08/12/2026 23:59,26/09/2026 08:17
c82b4876-d544-4e10-abc7-0214a636252a,mackay.club,premium,29.5,17.7,medium,low,6,namesilo,,,25/09/2026 16:20
e33ea7b2-cd34-4993-b66d-2eae23a9b377,quitting.club,resell,,,medium,low,8,"GoDaddy.com, LLC",12/06/2016 15:08,11/06/2031 23:59,26/09/2026 08:27
3f295c3c-c608-4bd4-b873-32a98947c5fc,stormy.club,resell,,,medium,low,6,"NameSilo, LLC",18/02/2015 01:48,17/02/2027 23:59,28/09/2026 01:11
c9961810-8a9e-4fff-b89a-0eb662c682f7,lps.club,premium,224,17.7,high,low,3,namesilo,,,28/09/2026 11:44
18a38673-1594-4806-b694-836a6951fdb9,homophobic.club,premium,29.5,17.7,medium,low,10,namesilo,,,21/08/2026 13:04
c8e0dc11-f1bb-44a5-b51a-d9327ceb4f86,rabbis.club,premium,29.5,17.7,medium,low,6,namesilo,,,02/10/2026 14:22
4c524b2d-bf73-48e8-8fba-dfe1471825cb,uproar.club,premium,25.5,,medium,low,6,unstoppable,,,29/09/2026 04:35
fde95943-5790-4096-8eda-a53db88b97ea,belting.club,premium,32.5,19.5,high,low,7,namecheap,,,23/09/2026 07:06
cfc4a582-1824-4603-88e1-ab0d56996ed5,gradually.club,premium,29.5,17.7,medium,low,9,namesilo,,,14/09/2026 22:00
51e6852e-43f2-4210-b04a-c4816dfec24c,lxvi.club,available,4.98,24.98,medium,low,4,namecheap,,,
2949fb5c-3570-44c3-a2f4-b7130d02dc14,soled.club,available,1.98,24.98,medium,low,5,namecheap,,,10/09/2026 13:35
eeb06d7e-0236-4c02-8087-36cdc808b3a5,irkutsk.club,premium,517.7,15.73,medium,low,7,spaceship,,,01/10/2026 09:48
9977f1f9-2a2a-46f4-9f86-989fc83b97aa,algerie.club,resell,,,high,low,7,IONOS SE,08/01/2020 23:02,08/01/2027 23:02,26/09/2026 03:47
bb66dba0-c401-4029-b46d-c962886ef3de,injure.club,premium,29.5,17.7,medium,low,6,namesilo,,,28/09/2026 11:07
351fe7d7-8d90-4ac0-8250-f2a56ce023e9,grubby.club,premium,29.5,17.7,medium,low,6,namesilo,,,09/08/2026 09:31
445536bc-29fc-4cd0-89d4-2f71d15144e6,leamington.club,available,20.5,,medium,low,10,unstoppable,,,03/10/2026 04:43
bf521269-6ad7-4cad-bad1-df57e46d2f99,diversely.club,available,1.98,24.98,medium,low,9,namecheap,,,14/09/2026 13:25
4c30bdd5-f9b8-4e9f-bbd1-c13d8570c73b,object.club,premium,53.92,17.7,high,low,6,namesilo,,,19/09/2026 05:21
34eb4d52-07ec-4680-ac98-5dbc23306227,normality.club,premium,29.5,17.7,high,low,9,namesilo,,,30/09/2026 05:51
2cdcd6f6-ccb6-4410-b20e-c914c830cd0a,annona.club,available,4.99,19.49,medium,low,6,namesilo,,,19/09/2026 10:30
7777155a-b116-40bf-9d4d-9d9a0a3da62d,dirigible.club,premium,29.5,17.7,medium,low,9,namesilo,,,14/08/2026 09:02
005859b7-0d59-4bb5-9a5b-3d121ca8f9e7,trap.club,resell,,,high,low,4,"Name.com, Inc.",02/01/2024 10:52,02/01/2029 10:52,26/09/2026 09:44
dea17abe-2f23-4303-82a2-30bce86719d1,archerfish.club,available,4.99,19.49,medium,low,10,namesilo,,,20/09/2026 01:56
73ba8b49-6569-4364-94f3-e40d1de69c9c,chamorro.club,available,3.82,15.78,high,low,8,spaceship,,,02/10/2026 19:17
6329ed9d-463d-42ec-8fb6-44b5aca39ce4,beautifully.club,premium,27.5,15.96,high,low,11,dynadot,,,01/10/2026 18:16
f847d75f-3457-4b98-90a8-6e8366ed2f95,spareribs.club,premium,29.5,17.7,high,low,9,namesilo,,,22/09/2026 04:41
04eaabf1-de68-4e40-b7cf-d1828c055688,baulk.club,available,4.98,24.98,medium,low,5,namecheap,,,14/08/2026 04:57
7754c8cb-2996-4517-a3b6-b0ac2d7c4507,overside.club,available,1.98,24.98,medium,low,8,namecheap,,,15/09/2026 18:29
3da74d39-0109-4977-8d10-70b973ab84ef,vindictive.club,premium,29.5,17.7,medium,low,10,namesilo,,,14/08/2026 04:21
596fee94-41c3-449d-9ebc-39acc962f888,jubilant.club,premium,29.5,17.7,high,low,8,namesilo,,,17/08/2026 19:46
180fd8be-56f3-47ab-8696-7a03e001589b,hoff.club,resell,,,medium,low,4,,,,29/09/2026 21:37
932982e4-109a-4758-bf8b-3d3a2900006c,glued.club,premium,116,17.7,high,low,5,namesilo,,,20/08/2026 15:12
0b9174b5-2bf9-45d7-9cd1-bf8c14fe83cd,pregnant.club,premium,1300,19.5,high,low,8,namecheap,,,25/09/2026 18:23
e626d395-d6dc-48fc-8835-aa9dc65b50d7,pained.club,premium,29.5,17.7,medium,low,6,namesilo,,,04/09/2026 01:26
81fc21ce-84c6-4b79-aedc-597951719f45,darryl.club,available,20.5,,medium,low,6,unstoppable,,,28/09/2026 21:59
4bd9bdb8-9b64-4c1d-8525-609f48d6fe75,aiding.club,premium,25.5,,high,low,6,unstoppable,,,30/09/2026 12:01
ad45ee5b-decd-464d-a824-c3877929723e,fingerprint.club,premium,51.95,15.73,high,low,11,spaceship,,,29/09/2026 08:29
43c77426-048b-4f2b-bc8b-fc60bb3c525a,crocked.club,available,1.98,24.98,low,low,7,namecheap,,,09/08/2026 15:34
6311e459-4ab1-42a3-bdf2-96f6e33bf4a3,poisons.club,premium,,,low,low,7,,,,02/10/2026 03:39
6b748ffa-cd31-4198-8521-7acacb871e85,pluton.club,premium,29.5,17.7,medium,low,6,namesilo,,,22/09/2026 13:46
34ec8ad4-3e50-4292-a9fc-a0288888a14c,crossways.club,premium,29.5,17.7,medium,low,9,namesilo,,,14/09/2026 09:48
49ade83c-1c9d-4df7-93fc-c70adb12bc2a,dan.club,resell,,,high,medium,3,Dynadot Inc,07/05/2014 18:34,06/05/2027 23:59,26/09/2026 05:24
dfa09597-d8d4-4c5c-a2c0-c27595abfaab,insane.club,premium,960,17.7,medium,low,6,namesilo,,,21/08/2026 00:58
aed9cdfa-1f63-4384-8af8-4448a324c764,newsfeed.club,premium,65,19.5,medium,low,9,namecheap,,,17/09/2026 05:41
292e0e3e-39d0-4f9d-9d72-fdead06ba56d,monsters.club,premium,1107,17.7,high,medium,8,namesilo,,,27/09/2026 03:16
ad4fbcd5-29b1-4d8b-b4ae-bd4771e40812,hobby.club,premium,6900,17.7,high,low,5,namesilo,,,21/09/2026 09:40
5efce992-7a29-4bed-9048-0fdfdbe6c9b6,righted.club,premium,29.5,17.7,medium,low,7,namesilo,,,20/09/2026 15:58
0fd11e9d-1cad-4055-8df2-582682f7e14c,tibetan.club,premium,53.92,17.7,high,low,7,namesilo,,,11/09/2026 15:23
86240012-2269-4fc6-9b18-f38153806ea0,kgb.club,premium,192.5,15.96,high,low,3,dynadot,,,29/09/2026 10:23
40f28d05-dfee-489a-8f48-87ef579a2661,honduran.club,premium,29.5,17.7,medium,low,8,namesilo,,,21/08/2026 13:17
600698a7-1b1c-4e95-85ab-b4ff5bc4402c,absorption.club,premium,32.5,19.5,high,low,10,namecheap,,,16/09/2026 18:19
db8c040e-61e1-4f40-bcc1-21dbdfe6effb,detonation.club,premium,29.5,17.7,medium,low,10,namesilo,,,30/09/2026 08:10
3a16067c-cea5-43f1-b4bf-4ee43e5a9be0,avalanche.club,premium,960,17.7,high,low,9,namesilo,,,21/09/2026 08:38
d5b8a5b5-990b-4934-be19-261e6dc15db6,contamination.club,premium,,,medium,low,13,,,,29/09/2026 22:52
3977cfce-c288-4e94-b194-cdae2780869c,ambystoma.club,available,4.99,19.49,medium,low,9,namesilo,,,18/09/2026 17:36
91d69b92-4236-442a-ab56-14464e6dd6f1,atkins.club,premium,29.5,17.7,high,low,6,namesilo,,,25/09/2026 17:28
cc0604ee-952c-42dd-921e-5d48a34a7ea8,lem.club,premium,175.5,,high,medium,3,unstoppable,,,30/09/2026 17:54
52113547-e435-4f2a-84dd-4c921a54fbcb,texted.club,premium,29.5,17.7,medium,low,6,namesilo,,,20/09/2026 17:16
2f0ade58-dbda-41b6-90cc-68eca828a3e9,unripe.club,premium,29.5,17.7,medium,low,6,namesilo,,,12/09/2026 18:30
2c14918b-2a07-459c-ad8e-7aa38a8462e8,assorted.club,premium,29.5,17.7,medium,low,8,namesilo,,,07/08/2026 07:25
9bf9b390-52d9-4701-913d-ef2e251f681f,kissing.club,premium,960,17.7,high,low,7,namesilo,,,24/09/2026 12:56
2394db20-0888-4039-af87-6e3bf622e08d,logged.club,premium,29.5,17.7,medium,low,6,namesilo,,,29/09/2026 16:39
d9f5c27d-cbe4-4642-a132-3e1d33fe2009,rapper.club,resell,,,high,low,6,,,,30/09/2026 09:22
9c5cc8bc-5208-4a69-ab7e-b5a0b5409206,vermicular.club,available,1.98,24.98,medium,low,10,namecheap,,,13/09/2026 02:27
65c072d3-98b7-4738-b55c-4e1d46de28b3,napoleonic.club,premium,29.5,17.7,medium,low,10,namesilo,,,03/09/2026 13:00
b4d54fbf-31b4-4b39-a760-0c4fdd82d4a6,cultivars.club,premium,29.5,17.7,low,low,9,namesilo,,,28/09/2026 00:23
6574f06b-c131-4d8f-95e7-89e58c470495,strikes.club,premium,29.5,17.7,medium,low,7,namesilo,,,27/09/2026 09:13
a1cd8c6e-3be9-4f2c-8312-e459cdbc30d8,detain.club,premium,32.5,19.5,high,low,6,namecheap,,,24/09/2026 21:28
328ed339-1435-4bf1-87d5-ea2e3f000d4b,continuation.club,premium,26.08,15.73,high,low,12,spaceship,,,30/09/2026 14:34
4202b700-25ad-4987-ae52-b0d9ef833f5e,regional.club,premium,1107,17.7,high,low,8,namesilo,,,27/09/2026 11:26
1e8b8ec4-1c57-4a81-a09a-46af8091b74c,semisweet.club,premium,29.5,17.7,medium,low,9,namesilo,,,10/09/2026 03:29
2fdff5ea-f647-4ed3-b5b9-e4b595295191,dispatching.club,premium,29.5,17.7,high,low,11,namesilo,,,02/10/2026 02:04
e3d4e8a1-8d94-46fa-ac31-55e2a7584d22,indra.club,premium,27.82,16.9,medium,low,5,porkbun,,,29/09/2026 13:07
999d87b0-375d-484a-9e54-94c927b80460,bareback.club,premium,29.5,17.7,medium,low,8,namesilo,,,08/08/2026 18:38
dc539d3f-89f2-4689-8880-e931b551565c,stadium.club,premium,1107,17.7,high,low,7,namesilo,,,28/09/2026 03:07
ca50fdea-7bb9-451b-bea7-849551ab157c,undreamt.club,available,1.98,24.98,medium,low,8,namecheap,,,12/09/2026 08:24
8ade8dbd-b161-4826-84b1-e59ce23e2ce4,droning.club,premium,29.5,17.7,medium,low,7,namesilo,,,25/08/2026 05:28
72e5753a-dad8-4944-b925-b17ba133c107,blixen.club,available,4.99,19.49,medium,low,6,namesilo,,,22/09/2026 07:24
9e936c61-42ca-4987-8e5e-433c8945d3b7,dalton.club,premium,116,17.7,high,low,6,namesilo,,,28/09/2026 13:51
080371b7-4526-450f-82c0-01e8a016779d,recalled.club,premium,32.5,19.5,medium,low,8,namecheap,,,18/09/2026 02:40
9c7edebe-c4ce-468a-ae14-f750d6a59472,mckinley.club,premium,116,17.7,high,low,8,namesilo,,,25/09/2026 04:51
93850910-5bf7-4391-bafa-d43f15242a0c,stale.club,premium,32.5,19.5,medium,low,5,namecheap,,,10/09/2026 18:24
17845076-7283-4516-9fb4-4ebda97998e5,crummy.club,premium,29.5,17.7,medium,low,6,namesilo,,,11/08/2026 09:02
43997cdb-6d32-4552-948f-7f3480c77021,carbonate.club,premium,27.82,16.9,high,low,9,porkbun,,,02/10/2026 14:33
f90801a7-234c-4881-82af-82da0005c4ae,protester.club,resell,,,medium,low,9,Dynadot Inc,24/07/2026 15:23,24/07/2027 15:23,26/09/2026 08:23
2d095a14-125d-4cfc-a395-4116db368270,twee.club,premium,33.49,20.09,medium,low,4,name.com,,,13/08/2026 15:49
95207d55-0702-41fb-8b86-1a9eba5960d2,nga.club,premium,175.5,,medium,low,3,unstoppable,,,30/09/2026 18:08
f1a33cae-91ed-4533-b6c1-074f4288954f,induction.club,premium,26.08,15.73,high,low,9,spaceship,,,29/09/2026 12:10
2fa2bacb-818b-4008-9f48-80dcf7eba331,amorphous.club,premium,29.5,17.7,medium,low,9,namesilo,,,
21f64164-c513-4682-b7bc-a4df76f307b3,hardie.club,available,20.5,,medium,low,6,unstoppable,,,01/10/2026 11:41
b2b67429-3c2a-4e97-ab60-f4c658767f6c,foolhardy.club,premium,29.5,17.7,medium,low,9,namesilo,,,18/08/2026 10:28
43fb221a-5d67-4646-8794-8c920d93e760,afford.club,premium,29.5,17.7,high,low,6,namesilo,,,25/09/2026 11:07
34596354-c0c1-4084-8099-339687322754,plenteous.club,available,1.98,24.98,medium,low,9,namecheap,,,08/09/2026 21:08
14a06490-0f00-482a-bab4-a6903b014a5b,libraries.club,premium,960,17.7,medium,low,9,namesilo,,,20/09/2026 00:02
c94655c9-7b72-4b81-a0d9-8410cec5ea0b,eyestrain.club,premium,32.5,19.5,medium,low,9,namecheap,,,20/09/2026 17:21
25645608-58f5-4d0f-8edb-72021ef228b4,winslow.club,resell,,,medium,low,7,,,,30/09/2026 09:31
7b20bc39-fab7-450e-a73e-43038cf18fc4,medicare.club,premium,5175.2,15.73,high,low,8,spaceship,,,01/10/2026 20:30
e6518873-26d6-4b1d-b239-ae3a9536a1a9,indio.club,available,4.99,19.49,high,low,5,namesilo,,,03/10/2026 02:48
503310b3-79ee-4c8f-8333-d2c73bdf26ac,pornographic.club,premium,,,medium,low,12,,,,29/09/2026 20:53
0ae763ac-1aca-4d14-81fd-370f577ae35d,reggio.club,available,4.99,19.49,medium,low,6,namesilo,,,30/09/2026 12:52
98f80a0b-ac13-40c1-a801-a64ec1eae231,supporting.club,premium,53.92,17.7,high,low,10,namesilo,,,28/09/2026 02:02
946cb5d8-3200-497f-8674-aa06eecf4cc6,tangential.club,premium,29.5,17.7,medium,low,10,namesilo,,,14/08/2026 07:29
6806c899-06bf-4d6f-a8b5-b623c1d1457f,soiled.club,premium,29.5,17.7,medium,low,6,namesilo,,,14/08/2026 09:10
9c5c59d8-3456-415c-bf07-813ceedf3299,samuelson.club,available,3.82,15.78,medium,low,9,spaceship,,,01/10/2026 08:08
866d050c-54ff-4420-941c-c8f828613cde,stations.club,premium,29.5,17.7,high,low,8,namesilo,,,30/09/2026 11:51
28276023-dca6-4cb8-97a1-706faf0c00dd,sandford.club,available,4.99,19.49,high,low,8,namesilo,,,30/09/2026 13:50
e40dd6b2-0d70-4805-84c8-7ef6baa17723,airman.club,premium,32.5,19.5,high,low,6,namecheap,,,17/09/2026 13:10
2d5b43d1-756c-402b-b938-bb94628650fa,basso.club,premium,29.5,17.7,medium,low,5,namesilo,,,22/09/2026 11:59
395ec384-ca76-4bb4-ac34-695ab99a169c,ptc.club,premium,181.33,15.73,high,low,3,spaceship,,,01/10/2026 04:36
e6720203-c073-44d4-b64c-4e6441ec4afd,caisson.club,premium,32.5,19.5,medium,low,7,namecheap,,,18/09/2026 22:17
30d7a60d-76b7-4d95-8d95-d000e9c65f47,kev.club,premium,,,high,low,3,,,,29/09/2026 03:20
24af7ed4-9057-4d5c-a09b-29af6534c913,hiemal.club,available,1.98,24.98,medium,low,6,namecheap,,,11/08/2026 06:40
9c76b35b-277a-413e-86b8-9be4a6da8949,balmoral.club,premium,29.5,17.7,high,low,8,namesilo,,,21/09/2026 23:39
03fd3ad2-660a-4fa3-8106-6f49c2e68409,meps.club,available,15.2,15.2,medium,low,4,cloudflare,,,03/10/2026 05:22
0f09b2f1-b755-4138-8aba-63d8f8cfa88e,dobbs.club,premium,27.5,15.96,medium,low,5,dynadot,,,29/09/2026 10:37
8f60f3e7-3955-47e3-b18d-639b791a186c,pectoral.club,premium,29.5,17.7,high,low,8,namesilo,,,08/09/2026 11:58
f02122ef-e5f9-4e1e-97a3-358d4fa52a23,blackfish.club,premium,29.5,17.7,medium,low,9,namesilo,,,24/09/2026 01:55
f7430b92-d5b9-4e41-953d-3d108835f76f,balloonist.club,premium,29.5,17.7,medium,low,10,namesilo,,,21/09/2026 23:14
8e0347a8-93a1-4d9c-bdd6-e313afa1ed4b,networks.club,premium,960,17.7,high,low,8,namesilo,,,19/09/2026 17:41
6dd7c078-7181-467a-80d1-bc45019f41ef,subtly.club,premium,32.5,19.5,medium,low,6,namecheap,,,16/09/2026 07:33
cb250fd2-9e4e-4f0e-bdce-8616350596e9,ernesto.club,premium,103.7,15.73,medium,low,7,spaceship,,,28/09/2026 07:52
66005ae6-b02e-40ef-af85-9d6ac2dca85c,easterly.club,premium,29.5,17.7,medium,low,8,namesilo,,,14/08/2026 22:51
7ab18e7a-1274-44e8-9638-186a9bd659e3,civilizations.club,premium,27.5,15.96,medium,low,13,dynadot,,,01/10/2026 01:05
dfd7eb33-a1bb-44fc-a762-37e1af798d98,peaked.club,premium,26.08,15.73,medium,low,6,spaceship,,,29/09/2026 21:11
2e01ed96-c72a-41d9-925d-6f07d6ff26d3,minatory.club,available,1.99,26.99,low,low,8,name.com,,,24/08/2026 19:58
c87a0061-634d-4c36-81bc-2cabb467f300,enemies.club,premium,65,19.5,medium,low,7,namecheap,,,25/09/2026 17:51
5b9afb8f-17d4-42be-9a69-86a68a65b234,sublimate.club,available,1.98,24.98,medium,low,9,namecheap,,,11/09/2026 00:01
505c4f04-4bd8-4e0b-aa19-b42b442cff5e,mountains.club,premium,1339.6,20.09,medium,low,9,name.com,,,17/09/2026 17:48
e586fe76-269c-43f4-8f0b-9b69f39c5554,isabel.club,premium,258.95,15.73,high,low,6,spaceship,,,28/09/2026 16:24
cbc47c5f-76c0-49ce-8011-9d78c1b11518,heats.club,premium,25.5,,high,low,5,unstoppable,,,01/10/2026 18:39
0f502834-2b9a-4b4f-a322-5c2b1a406f84,musts.club,premium,32.5,19.5,low,low,5,namecheap,,,19/09/2026 21:45
422a2aa1-8c32-4778-87c6-aa775d0e853d,dessert.club,premium,1100,15.96,high,low,7,dynadot,,,01/10/2026 21:42
993c5199-acdb-4c45-8ab0-fc84ea77d93b,limpkin.club,available,4.99,19.49,medium,low,7,namesilo,,,19/09/2026 23:59
08ec2e53-1942-4e31-a02a-c495a943b839,sinuous.club,premium,29.5,17.7,medium,low,7,namesilo,,,10/09/2026 08:38
3c13e13a-0865-4b84-9c13-061a752e9774,sarcastic.club,premium,32.5,19.5,high,medium,9,namecheap,,,09/09/2026 21:27
b5661191-e225-4ccd-9b67-49f428d15c2d,installment.club,premium,26.08,15.73,medium,low,11,spaceship,,,30/09/2026 19:52
7f8bd0b9-80d2-450c-bbeb-ebfdebd2ff5f,catalan.club,resell,,,high,low,7,"Name.com, Inc.",07/05/2014 15:02,06/05/2027 23:59,26/09/2026 04:48
d4a5e45d-baea-48fd-bb21-02cf318a4a7a,tones.club,premium,29.5,17.7,medium,low,5,namesilo,,,29/09/2026 10:44
3c0f5c9f-0018-472b-83e4-d931fe04fb28,unstylish.club,available,1.98,24.98,medium,low,9,namecheap,,,10/09/2026 23:17
8be5518c-860c-4736-8e9b-297e2ab06709,endemical.club,available,4.98,24.98,low,low,9,namecheap,,,17/08/2026 00:53
fb1e1085-0ce9-44cb-945f-580a3928174a,willie.club,premium,53.92,17.7,medium,low,6,namesilo,,,25/09/2026 11:47
c02fe231-f070-4efe-800e-559504b89ed5,parasitic.club,premium,29.5,17.7,medium,low,9,namesilo,,,17/08/2026 10:15
09440e34-4370-46e9-be62-2205d185c38d,battered.club,premium,32.5,19.5,medium,low,8,namecheap,,,22/09/2026 18:12
256c81e5-c101-418b-a93a-a2337a2f70e9,proceed.club,premium,975,19.5,high,low,7,namecheap,,,30/09/2026 17:54
ce84ff4a-b956-4fd9-95e8-fae5afd061e1,balefire.club,available,4.99,19.49,medium,low,8,namesilo,,,21/09/2026 21:52
8b9d5b90-b9aa-47f4-930f-42d2d2d64c74,reigning.club,premium,29.5,17.7,high,medium,8,namesilo,,,09/09/2026 12:57
8605bfba-19e6-4586-98a0-6264d885befd,delusion.club,premium,29.5,17.7,high,low,8,namesilo,,,24/09/2026 21:45
72c7f3f7-4e2c-435f-98e0-667b1e266ab0,downloaded.club,premium,26.08,15.73,medium,low,10,spaceship,,,30/09/2026 23:49
116185ff-74b9-4863-9e12-e0315a5f374c,tauten.club,available,2.19,19.49,medium,low,6,namesilo,,,18/08/2026 05:16
c7f279c1-8f62-4c4e-9571-c4e45040083f,victims.club,premium,325,19.5,medium,low,7,namecheap,,,18/09/2026 21:07
cdfb99cf-aa11-4286-af4a-03c3466215b2,dictatorship.club,premium,32.5,19.5,medium,low,12,namecheap,,,29/09/2026 14:18
d2d6d350-59d4-4885-9421-5f8e3ac9a1a0,coiled.club,premium,29.5,17.7,medium,low,6,namesilo,,,12/08/2026 16:07
9c7251a0-6870-4083-a758-32975010e9b8,manslaughter.club,premium,29.5,17.7,medium,low,12,namesilo,,,28/09/2026 22:46
21c286cf-c2bd-4f7e-88dc-6c50a68fd527,patchy.club,premium,29.5,17.7,medium,low,6,namesilo,,,08/09/2026 10:20
41be2435-f4a8-41fb-ac1e-340694cbdae6,infections.club,premium,25.5,,low,low,10,unstoppable,,,30/09/2026 15:33
4801d3e6-3c8a-4386-aca0-9f816af204c8,withheld.club,premium,25.5,,medium,low,8,unstoppable,,,30/09/2026 22:34
aedf6a50-fdb8-457c-9510-130af742479f,perforate.club,available,1.98,24.98,high,low,9,namecheap,,,08/09/2026 16:54
c7165a21-8301-48fb-81e3-44a2a15d6bbf,umbilicus.club,premium,29.5,17.7,medium,low,9,namesilo,,,23/09/2026 06:37
4e2e4bba-5527-4d02-bf43-43fa5d95fc80,cleaver.club,premium,26.08,15.73,medium,low,7,spaceship,,,29/09/2026 09:55
b38b6a35-1805-4e92-b511-af7bd6aaffe8,spiffy.club,premium,133.96,20.09,high,low,6,name.com,,,13/08/2026 17:36
fa32f429-1ed2-43bf-a792-49323e0279c5,cavities.club,premium,25.5,,medium,low,8,unstoppable,,,02/10/2026 11:26
59dd3fa1-a62a-49ea-b3b8-8d0d50b5e281,leafy.club,premium,29.5,17.7,high,low,5,namesilo,,,22/08/2026 21:57
25e5672f-9095-44b4-9ed1-eaf297536726,narrow.club,premium,29.5,17.7,high,low,6,namesilo,,,03/09/2026 13:22
f26ef0e7-6ab2-44a7-aef5-95b258977c49,miniskirt.club,premium,29.5,17.7,high,low,9,namesilo,,,24/08/2026 23:47
9ef8b1e2-1112-476b-af7a-9dc32ce524cd,renovations.club,premium,27.82,16.9,medium,low,11,porkbun,,,02/10/2026 13:58
6c2144c9-ca22-423e-bfb4-5efd127e8007,erose.club,available,2.19,19.49,medium,low,5,namesilo,,,17/08/2026 12:30
620f0ea4-c3e7-4ee7-b038-1fc0eb721dd5,headteacher.club,available,4.99,19.49,high,low,12,namesilo,,,02/10/2026 16:28
0b13b72c-7206-4e9b-9d0d-7a0e66997e02,ctr.club,resell,,,high,low,3,,,,01/10/2026 22:35
90924fe5-4027-4c4e-8e54-b77ca1537256,mimetic.club,premium,29.5,17.7,medium,low,7,namesilo,,,24/08/2026 23:27
a25ead5f-e52d-4d66-9048-f8bc379f7b65,revered.club,premium,26.08,15.73,high,low,7,spaceship,,,27/09/2026 14:02
13683cf9-18f1-40b0-a96c-d3a7124daca1,infrared.club,premium,29.5,17.7,high,low,9,namesilo,,,
75259a9f-68bd-4305-8ff0-125098ac53de,isolating.club,premium,26.08,15.73,medium,low,9,spaceship,,,01/10/2026 22:59
d32173cd-04e2-40f5-a8b3-591cfb635fde,flare.club,resell,,,high,low,5,,,,29/09/2026 00:57
60d7ad3c-7df0-4e37-b92a-f2378fff1915,pricy.club,premium,29.5,17.7,medium,low,5,namesilo,,,21/08/2026 08:58
d4523006-fcd9-4bf6-a5e4-808459ba7c56,upcoming.club,premium,960,17.7,high,low,8,namesilo,,,06/08/2026 08:39
ece887bf-eec1-4f88-b323-de70aa549bf1,badness.club,premium,29.5,17.7,medium,low,7,namesilo,,,08/08/2026 07:23
2a7a35a6-ea94-4c80-a7fb-14c12aa27792,publisher.club,premium,,,high,low,9,,,,28/09/2026 10:33
bf249c6f-d1ad-4be4-9002-614023d6a23a,luz.club,premium,181.33,15.73,medium,low,3,spaceship,,,28/09/2026 21:47
787780a2-c107-4c4d-8b4a-1c37888bb510,barstow.club,available,4.98,24.98,medium,low,7,namecheap,,,22/09/2026 08:54
a6c21e9c-ee6a-43f5-8988-f612d008ac25,moduli.club,premium,29.5,17.7,medium,low,6,namesilo,,,01/10/2026 00:19
1afe5a2a-8011-426a-863e-f9b09855bc7c,asama.club,available,4.99,19.49,medium,low,5,namesilo,,,20/09/2026 12:47
c04c2470-ce25-4a63-8807-31792f6c1500,sanitarium.club,premium,29.5,17.7,medium,low,10,namesilo,,,02/10/2026 06:19
a040ee4c-0f1c-4fcc-b95a-22e3f07d4db9,cxxv.club,available,4.98,24.98,medium,low,4,namecheap,,,
080b7f3a-094d-448c-b791-cbf55c2fc2cc,professions.club,premium,29.5,17.7,medium,low,11,namesilo,,,19/09/2026 22:50
3724d509-acdc-4e45-b380-9cd15266ba6a,analogist.club,available,4.99,19.49,medium,low,9,namesilo,,,19/09/2026 01:52
590a7fba-56d3-456c-aee6-fac764f6468f,trichrome.club,available,1.98,24.98,medium,low,9,namecheap,,,11/09/2026 19:24
71f5d150-f881-4a9d-9337-31d00db9bd4d,robberies.club,premium,26.08,15.73,low,low,9,spaceship,,,30/09/2026 07:24
b0912f3b-f45a-442e-bb6f-19d35c77efe0,dug.club,premium,,,high,low,3,,,,28/09/2026 05:32
44355867-0b49-4d3a-b2a7-22471561669d,aerate.club,available,4.98,24.98,high,low,6,namecheap,,,17/09/2026 21:35
d89576a5-a650-4cde-997a-9b3111bb7bad,sparked.club,premium,32.5,19.5,high,low,7,namecheap,,,30/09/2026 04:13
a94d9fcb-c404-4d8d-bce7-c2c6e98660fb,foreigner.club,premium,960,17.7,high,low,9,namesilo,,,
5f489438-2a7f-4401-bb66-ceb88a1eb3b2,brits.club,premium,29.5,17.7,medium,low,5,namesilo,,,11/08/2026 04:46
50688f50-4eaf-488d-ba29-88fcc40a665c,southmost.club,available,1.98,24.98,high,medium,9,namecheap,,,10/09/2026 14:55
aa169016-2370-4734-bec2-27e8f65bcafa,eyesight.club,premium,26.08,15.73,high,low,9,spaceship,,,29/09/2026 18:51
d519964e-26f3-41f5-adf7-8a0b99cf1913,grumbler.club,available,4.99,19.49,medium,low,8,namesilo,,,23/09/2026 06:49
8bc0b6fb-99fe-4d16-90f8-d54cb61f7250,masterless.club,available,2.19,19.49,medium,low,10,namesilo,,,24/08/2026 09:55
b6567d42-4119-4422-a13f-13df515753f0,piggish.club,available,2.19,19.49,medium,low,7,namesilo,,,21/08/2026 10:18
313ae0e0-c853-4da4-9e96-9988e501a1cc,rhoda.club,available,15.2,15.2,high,low,5,cloudflare,,,02/10/2026 13:20
316b947f-8f0b-4bb6-820e-7ac11038c57c,repulse.club,premium,29.5,17.7,high,medium,7,namesilo,,,10/09/2026 12:48
613f4957-4b87-48e5-9401-8dde3582dca7,occasional.club,premium,26.08,15.73,medium,low,10,spaceship,,,28/09/2026 11:16
0a0c536a-5060-4e3b-8b30-9536b2622f9b,danzig.club,premium,26.08,15.73,medium,low,6,spaceship,,,28/09/2026 09:29
cd089e25-0fed-4c0d-8c1a-e1cc36176a41,provisional.club,premium,25.5,,high,low,11,unstoppable,,,30/09/2026 19:46
d3f18334-86eb-4164-8b3b-275590bd710f,tacitly.club,premium,32.5,19.5,medium,low,7,namecheap,,,16/09/2026 07:43
b945cfe3-28ea-45b4-ade4-c3751b04e0b5,vacantly.club,premium,29.5,17.7,low,low,8,namesilo,,,16/09/2026 10:32
11400a28-c3a4-479d-943c-f049bb7b6435,amazement.club,premium,29.5,17.7,high,low,9,namesilo,,,18/09/2026 16:18
33dbae56-16f9-425f-b836-97b82de498f8,cytolytic.club,available,6.99,26.99,medium,low,9,name.com,,,13/08/2026 14:42
b16203e8-70fc-47b0-8884-42c3012e6c13,weekly.club,premium,1107,17.7,high,low,6,namesilo,,,21/08/2026 05:36
b868016c-9f53-4520-8469-f827b5da8732,cox.club,premium,224,17.7,high,low,3,namesilo,,,03/10/2026 00:19
6e58f3b6-37a7-4bf9-b82e-073c438c2322,suva.club,available,20.5,,medium,low,4,unstoppable,,,02/10/2026 06:31
86b8e2d9-1b77-4b86-b188-615f6eb90720,avaricious.club,premium,29.5,17.7,medium,low,10,namesilo,,,07/08/2026 21:48
56382f78-d429-4554-bec6-3b7d3fcee5a8,dvorak.club,available,4.99,19.49,medium,low,6,namesilo,,,19/09/2026 15:32
5e266436-f994-441c-8b97-4888d744702e,guttural.club,premium,29.5,17.7,medium,low,8,namesilo,,,13/08/2026 07:31
8abe76a9-500d-4abe-839d-0e7fc2f69170,unfavorable.club,premium,26.08,15.73,medium,low,11,spaceship,,,02/10/2026 07:03
4f6d84ee-5c57-4332-85e1-5327ff649425,aye.club,premium,227.5,19.5,medium,low,3,namecheap,,,29/09/2026 14:22
fdf8d317-2a9b-43f8-8f7a-9d52b528d7b3,calf.club,premium,750.5,17.7,high,low,4,unstoppable,,,29/09/2026 05:52
b31badd6-2160-4a4c-9de4-85b0565f8165,tiles.club,premium,960,17.7,high,low,5,namesilo,,,29/09/2026 16:35
62061ac9-136b-41da-b6c6-71742d9455fc,blowhard.club,premium,29.5,17.7,medium,low,8,namesilo,,,11/08/2026 01:19
b78611cb-4869-42c7-b8bd-9c762ae57b47,seams.club,premium,103.7,15.73,medium,low,5,spaceship,,,02/10/2026 03:30
7aae236a-3f9e-40d6-86f3-735d9f5f65a3,rancorous.club,premium,29.5,17.7,high,medium,9,namesilo,,,09/09/2026 10:13
a7aba7d2-66e7-4d31-bae1-73e3d617c9b2,cover.club,resell,,,high,low,5,Porkbun,16/01/2021 21:10,16/01/2027 21:10,26/09/2026 05:17
c06bdd1c-5094-4122-9527-b463cede1ec0,shakira.club,available,4.99,19.49,high,low,7,namesilo,,,02/10/2026 14:33
6563fbb9-1b52-402e-9996-a98de2f10a1e,blameless.club,premium,29.5,17.7,high,low,9,namesilo,,,10/08/2026 12:53
4d62809e-811b-4e8b-a3ab-d5d70c128de9,specialize.club,premium,29.5,17.7,high,low,10,namesilo,,,29/09/2026 14:15
d57dbd5c-9777-4d11-84bb-9b504a72b4ac,embryos.club,premium,26.08,15.73,medium,low,7,spaceship,,,02/10/2026 22:30
9e87c0ff-fa2c-49d3-aa65-9312dc1f04dd,oss.club,premium,192.5,15.96,high,low,3,dynadot,,,28/09/2026 21:16
5ac6f9e2-984d-4db5-aa89-8eac82e00800,growing.club,premium,302.5,17.7,high,low,7,namesilo,,,19/09/2026 05:23
0bad2788-1e1e-41dc-9df0-a8180ae276b9,membranes.club,premium,27.5,15.96,medium,low,9,dynadot,,,02/10/2026 02:30
022c51db-555a-42f7-968e-4c5962d5b74f,smuggler.club,premium,29.5,17.7,medium,low,8,namesilo,,,03/10/2026 00:10
2ecf8d51-6c8a-401c-ae6a-5acf26d4b74b,necessity.club,premium,29.5,17.7,high,low,9,namesilo,,,24/09/2026 15:20
93617ff0-2ced-4db7-8465-77ca498ba9f6,foetal.club,premium,29.5,17.7,medium,low,6,namesilo,,,18/08/2026 02:18
ed4c560d-d26d-4d94-9c3f-15bcd4f50f8e,miniscule.club,premium,29.5,17.7,medium,low,9,namesilo,,,24/08/2026 23:55
92e208e2-7fb9-484b-a739-6e577977e431,paton.club,available,4.99,19.49,medium,low,5,namesilo,,,18/09/2026 01:46
1bd499ce-6749-4eea-86df-6380838b7846,musset.club,available,4.99,19.49,medium,low,6,namesilo,,,18/09/2026 06:29
edb21a83-999f-4599-85e4-fb4e7755a49e,fries.club,premium,65,19.5,high,low,5,namecheap,,,24/09/2026 14:42
ae86a9d6-db8a-430e-9fb9-455e31e9013c,axile.club,available,1.98,24.98,medium,low,5,namecheap,,,08/08/2026 01:56
f508294d-3b48-4c56-a108-1620d45b3039,gamble.club,premium,6900,17.7,high,low,6,namesilo,,,17/09/2026 10:37
4dd72d2d-ad7a-4902-bf71-487a66323e05,squalid.club,premium,29.5,17.7,medium,low,7,namesilo,,,10/09/2026 14:31
8a425a22-519a-4c32-bcca-99f2a69b41c9,counselling.club,premium,29.5,17.7,high,low,11,namesilo,,,17/09/2026 12:13
d28fc2d2-2bcc-4cf4-8b82-7f226b3960d7,leblanc.club,available,15.2,15.2,high,low,7,cloudflare,,,29/09/2026 15:54
017a2748-5e21-43dd-84b2-177bd725fdec,minna.club,available,15.2,15.2,medium,low,5,cloudflare,,,01/10/2026 06:17
c3e87b98-bd75-466a-a268-cba6c9225a23,tenthly.club,available,4.99,19.49,medium,low,7,namesilo,,,16/09/2026 08:21
c1fd0adf-3c81-41d2-b658-90a8627c873a,pediatrician.club,premium,26.08,15.73,high,low,12,spaceship,,,02/10/2026 17:35
d32348d9-48cb-4945-b8e2-da9b360f6b41,unsweet.club,available,1.98,24.98,low,low,7,namecheap,,,10/09/2026 01:07
3c06b68e-2426-45e6-9868-e00c2fa32508,clause.club,premium,130,19.5,high,low,6,namecheap,,,24/09/2026 15:20
81346a92-6a89-43c6-9930-336ee0b37080,face.club,resell,,,high,low,4,"GoDaddy.com, LLC",03/11/2023 21:02,03/01/2027 17:11,26/09/2026 05:59
b43cead0-f5b2-4b33-be2b-477b8be1f521,blaeberry.club,available,4.98,24.98,medium,low,9,namecheap,,,23/09/2026 15:39
3b344433-7bdf-4ddf-8c7d-705214399d4b,cluttered.club,premium,29.5,17.7,medium,low,9,namesilo,,,12/08/2026 13:12
c99f7c3c-66ba-41d1-858c-f773349db942,shiatsu.club,premium,29.5,17.7,medium,low,7,namesilo,,,17/09/2026 05:40
6018319b-9282-48a0-8689-6925958fad7a,priestly.club,premium,29.5,17.7,medium,low,8,namesilo,,,21/08/2026 08:22
7796c39f-2feb-49f9-af2f-59524f5df946,listened.club,premium,32.5,19.5,medium,low,8,namecheap,,,25/09/2026 19:45
6b997ab9-d1d8-4c41-b8a9-662b361fbee4,radiation.club,premium,32.5,19.5,high,low,9,namecheap,,,17/09/2026 04:59
1a05aeea-e597-4427-8266-8d27b0a7da16,anklebone.club,available,4.98,24.98,medium,low,9,namecheap,,,19/09/2026 09:43
8d3cdb0e-e840-4def-b945-cd88c90a9992,jacksonville.club,premium,960,17.7,high,low,12,namesilo,,,30/09/2026 04:53
b94e4a47-84b9-4e2e-be5f-716abdbe90d4,detox.club,resell,,,high,low,5,"Spaceship, Inc.",09/07/2025 00:00,09/07/2027 00:00,29/09/2026 14:23
719c4e4f-9728-4571-a657-12623292c528,routes.club,premium,27.5,15.96,medium,low,6,dynadot,,,29/09/2026 10:52
23fb8cc3-5860-4fe8-8507-b9483c4d9a6a,amenra.club,available,4.98,24.98,medium,low,7,namecheap,,,18/09/2026 18:32
8a4feec7-c867-4654-abc0-6844e428a4ff,monotonic.club,available,1.99,26.99,medium,low,9,name.com,,,25/08/2026 05:23
3699851c-a116-4650-82a3-054bf9538613,stalker.club,premium,,,high,low,7,,,,30/09/2026 02:37
9684bd61-4e66-4f2a-9826-f14dba17e574,arabella.club,premium,103.7,15.73,medium,low,8,spaceship,,,01/10/2026 08:14
f7720708-3d20-4063-b48d-96a67eed10f1,scorned.club,premium,29.5,17.7,medium,low,7,namesilo,,,14/08/2026 04:16
684f85d3-c0d5-4c70-9dea-d4f0ffac22f6,saporous.club,available,2.19,19.49,medium,low,8,namesilo,,,18/08/2026 07:16
350870c0-d307-4cb8-8bb9-b0c47ec968f4,appointing.club,premium,26.08,15.73,medium,low,10,spaceship,,,02/10/2026 11:49
4bda5b71-7879-4eb2-ad6f-563c14dd5cb3,ecological.club,premium,1035.2,15.73,high,low,10,spaceship,,,02/10/2026 19:04
64090d6a-a487-4892-818b-6b08bfe0dc4c,enclosed.club,premium,29.5,17.7,medium,low,8,namesilo,,,16/08/2026 22:21
6ee47bd8-eec2-4af8-83e0-8c979ca91fdd,circumference.club,premium,26.08,15.73,medium,low,13,spaceship,,,30/09/2026 03:32
403d5f4b-ed18-46cb-9ebd-597849e90fc3,graces.club,premium,29.5,17.7,high,low,6,namesilo,,,02/10/2026 21:53
6cf37834-b603-4166-86c1-e2d044e59604,arugula.club,premium,29.5,17.7,medium,low,7,namesilo,,,20/09/2026 12:10
d7e4a12b-bebd-4bfc-b62e-32b0bf7a02ae,styptic.club,available,1.98,24.98,medium,low,7,namecheap,,,07/08/2026 10:00
008cbe84-4510-4dbf-ae60-1d6dc72584e7,altona.club,premium,26.08,15.73,medium,low,6,spaceship,,,03/10/2026 04:24
c7352a4f-7ff9-4793-8ac0-60cbfc40b0c7,upward.club,premium,776.45,15.73,high,low,6,spaceship,,,28/09/2026 09:54
09a6d128-a91a-4234-bb88-5001055a0e85,whoreson.club,available,1.98,24.98,low,low,8,namecheap,,,08/08/2026 23:43
ff964c25-b8c9-4e15-a2bc-a75bfef30ac1,deception.club,premium,1107,17.7,high,low,9,namesilo,,,24/09/2026 17:22
3e094b0b-abdc-4e76-a6b9-8030b86199ac,acidosis.club,premium,29.5,17.7,medium,low,8,namesilo,,,17/09/2026 01:28
041a2a41-075b-4a30-94b4-7c4cd84b12b7,pda.club,premium,175.5,,high,low,3,unstoppable,,,01/10/2026 21:15
bd4d2972-f419-430b-b986-62bfff436743,ris.club,premium,192.5,15.96,high,low,3,dynadot,,,02/10/2026 19:00
fb5955d3-e724-475c-8290-3955299a8959,tenths.club,premium,29.5,17.7,medium,low,6,namesilo,,,20/09/2026 23:51
3fc1e731-f8e3-497f-9345-99d1120ddcef,autarky.club,available,4.99,19.49,medium,low,7,namesilo,,,21/09/2026 05:04
45155cbe-d885-4142-be39-de387f130ea9,circling.club,premium,960,17.7,medium,low,8,namesilo,,,30/09/2026 07:20
81ad3414-0465-4c91-8713-1299e828fd72,dipolar.club,available,4.98,24.98,medium,low,7,namecheap,,,14/08/2026 08:28
24bf5ea9-904c-4af6-9874-13213788cdc0,swingeing.club,available,1.98,24.98,medium,low,9,namecheap,,,11/09/2026 05:48
19bde7ae-f40e-4755-8f35-523595ae5475,errors.club,premium,29.5,17.7,medium,low,6,namesilo,,,17/09/2026 17:09
1d782456-b2af-4317-869d-cd9efb800b50,gyral.club,available,4.98,24.98,medium,low,5,namecheap,,,20/08/2026 21:19
44cbd6e1-ac12-456a-a8eb-cb015bbcbbba,sour.club,premium,116,17.7,high,low,4,namesilo,,,20/08/2026 15:04
4fb58bb0-87de-42e4-ae05-66be28f357c0,ornate.club,premium,32.5,19.5,high,low,6,namecheap,,,04/09/2026 17:59
95f97e87-704c-4a1c-9ea6-edcc0e9f8cb0,probability.club,premium,975,19.5,high,low,11,namecheap,,,28/09/2026 17:11
57b2cc0b-4ab2-4d99-844f-5793e55b64fa,cia.club,premium,227.5,19.5,high,medium,3,namecheap,,,24/09/2026 13:36
888dba1e-c12d-4cdf-b2ca-aa553c72a431,missy.club,premium,27.5,15.96,high,low,5,dynadot,,,02/10/2026 04:51
bf9ce02c-1e99-4575-92e7-053186f09a98,chivalrous.club,premium,29.5,17.7,high,low,10,namesilo,,,12/08/2026 06:14
2d16cca9-4df0-48c9-bdc7-094cd3b6d9f7,consequences.club,premium,29.5,17.7,high,low,12,namesilo,,,27/09/2026 08:40
d8519657-e0d9-4108-9135-cc2597dec7bc,wide.club,premium,975,19.5,high,low,4,namecheap,,,02/10/2026 00:19
790b0bcf-8b0f-4e0e-b9b9-4a91ec4490e0,antics.club,premium,65,19.5,medium,low,6,namecheap,,,02/10/2026 12:58
f2657948-1611-4d37-9d26-1856519ee256,torino.club,resell,,,high,low,6,,,,29/09/2026 02:19
5dc46a3d-dbd2-4a3b-b0b5-041628993acb,inordinate.club,premium,29.5,17.7,medium,low,10,namesilo,,,17/08/2026 16:17
95d57a6f-6eb1-4a8b-8c1a-e85af04fac53,liberation.club,premium,776.45,15.73,high,low,10,spaceship,,,28/09/2026 14:14
09d379c5-3e56-4ef8-a5fe-69cfc3d86e70,mitterrand.club,available,4.99,19.49,medium,low,10,namesilo,,,02/10/2026 04:57
8fe299f8-b5fc-4d6f-a1a2-62f4ed71c54c,swenson.club,premium,29.5,17.7,medium,low,7,namesilo,,,01/10/2026 11:58
5e0ae768-0f56-447c-890c-f0dc48357286,senatorial.club,premium,29.5,17.7,medium,low,10,namesilo,,,10/09/2026 03:38
b0b03e7b-d8cf-4abe-93cb-102d02c83313,impossibly.club,premium,29.5,17.7,medium,low,10,namesilo,,,15/09/2026 04:27
1b048e89-0dd9-40a9-85c0-b410a5f0f99a,polypropylene.club,premium,26.08,15.73,medium,low,13,spaceship,,,30/09/2026 23:16
4cd69a6e-ffa9-45fd-9bad-ad1b6dc2de62,working.club,premium,1107,17.7,high,low,7,namesilo,,,19/09/2026 07:09
673b0ac7-34db-419b-b1d3-ccb8cc1ff584,dumb.club,premium,1300,19.5,high,low,4,namecheap,,,14/08/2026 21:03
4ff6bfd0-374d-41e7-a36b-fee88c77f60c,exiting.club,premium,26.08,15.73,high,low,7,spaceship,,,01/10/2026 05:02
52229645-dea7-408c-86c9-23f3f8726fc9,riyadh.club,premium,750.5,17.7,high,low,6,unstoppable,,,29/09/2026 06:50
80b838a8-3fe3-4fa7-9d7a-dbb2a255878e,furthest.club,premium,29.5,17.7,medium,low,8,namesilo,,,24/09/2026 17:07
d66a25bb-a525-45f7-b728-915999b06894,topping.club,premium,29.5,17.7,medium,low,7,namesilo,,,11/09/2026 17:36
5355492b-e21b-4676-9f2d-25e46110e633,brookes.club,available,4.12,15.96,medium,low,7,porkbun,,,30/09/2026 22:15
06f38476-0bd4-40f4-a46a-0a5541f8ade1,yolanda.club,premium,27.5,15.96,medium,low,7,dynadot,,,30/09/2026 21:10
7ba81a86-8f63-4fd4-ad92-ba1fc0959c2c,creaseless.club,available,4.98,24.98,medium,low,10,namecheap,,,13/08/2026 05:47
55682f42-652b-42d7-b713-5c3cf184398a,psychiatrist.club,premium,258.95,15.73,high,low,12,spaceship,,,27/09/2026 16:44
9365eb07-c962-4395-8b5f-94b40dc49a18,unadjusted.club,premium,29.5,17.7,medium,low,10,namesilo,,,11/09/2026 23:52
b2e56349-5772-4c11-9d7c-35bc8f2b7b73,canadas.club,premium,50.5,,medium,low,7,unstoppable,,,03/10/2026 00:02
21e8067b-70e6-4760-a36f-37136ae5b21a,fleer.club,available,4.98,24.98,low,low,5,namecheap,,,18/08/2026 17:47
a355bef2-4b40-41f4-aa1c-eaf19cadb6bd,scalable.club,resell,,,high,low,8,"GoDaddy.com, LLC",17/10/2018 07:09,17/10/2027 07:09,26/09/2026 08:50
c1a95eaf-f7be-49ca-997c-d999ae1e3e89,withhold.club,premium,25.5,,high,low,8,unstoppable,,,30/09/2026 19:13
8468f9f5-744b-4522-9533-12563b928755,decisive.club,premium,32.5,19.5,high,low,8,namecheap,,,13/08/2026 21:36
7aeade86-ae80-4119-b038-344ef9e69a3a,designedly.club,available,1.98,24.98,medium,low,10,namecheap,,,13/09/2026 17:33
9ee98247-d0fd-465e-bcd2-d9e1518aff19,declare.club,premium,975,19.5,high,low,7,namecheap,,,27/09/2026 16:32
8b68e001-936c-4e4e-926e-aa67df178c01,sticky.club,resell,,,high,low,6,101domain GRS Limited,21/05/2014 20:25,20/05/2027 23:59,26/09/2026 09:18
75b40f17-c21c-47f2-8a48-3f345e72c89d,ehrlich.club,available,15.2,15.2,medium,low,7,cloudflare,,,29/09/2026 00:46
5ea8eb5f-7516-4384-a51d-0f1649a0cf35,unopen.club,available,1.98,24.98,medium,low,6,namecheap,,,10/09/2026 07:06
19bc4f14-5b76-4e27-88e9-18888b579f9f,andradite.club,available,4.99,19.49,medium,low,9,namesilo,,,19/09/2026 04:09
b4bd09e9-6152-4539-8210-fb9870b70577,unladylike.club,premium,29.5,17.7,medium,low,10,namesilo,,,12/09/2026 14:39
b43a3f6e-9bcd-49d9-a177-925bd7808573,castles.club,premium,29.5,17.7,medium,low,7,namesilo,,,30/09/2026 15:30
45d67b14-a133-4724-81ec-cf7599c88552,illusory.club,premium,32.5,19.5,medium,low,8,namecheap,,,21/08/2026 20:15
6cc8603f-9267-4b1c-817d-a7981e02e9c3,inclination.club,premium,26.08,15.73,medium,low,11,spaceship,,,30/09/2026 22:34
dc0973ea-4603-434a-aae1-6d965d6d6653,enlisted.club,premium,26.08,15.73,medium,low,8,spaceship,,,28/09/2026 22:48
7bf75f4d-832a-4120-801f-f54fbb72e15e,deemed.club,premium,27.5,15.96,high,low,6,dynadot,,,29/09/2026 23:04
e455bddb-f3fd-422c-a563-4cf429f6b0c1,tiddly.club,available,1.98,24.98,medium,low,6,namecheap,,,11/09/2026 15:36
b7a3101e-d980-496c-9fd3-2931f7aeb5df,lectures.club,premium,,,low,low,8,,,,29/09/2026 05:25
95ea86e2-f8aa-498a-bc1b-a5f0eb59d20f,sided.club,premium,29.5,17.7,low,low,5,namesilo,,,02/10/2026 01:56
c3ecf061-7fc9-47f7-807e-0db4ff9c43b7,conical.club,premium,32.5,19.5,high,low,7,namecheap,,,12/08/2026 20:41
fffb48cd-2680-49b3-bc16-9c722091074b,georgetown.club,resell,,,high,low,10,"GoDaddy.com, LLC",18/01/2021 05:57,18/01/2027 05:57,26/09/2026 06:22
2d10bbc5-94cc-46ed-8bdc-bf095dfb9565,gmt.club,premium,181.33,15.73,medium,low,3,spaceship,,,28/09/2026 14:18
4602af24-1517-414f-bf52-512fc8c301b0,boxlike.club,premium,29.5,17.7,medium,low,7,namesilo,,,10/08/2026 23:56
673440ff-a382-4189-8954-e11b423daa3f,nicely.club,premium,960,17.7,high,low,6,namesilo,,,15/09/2026 16:32
0a57ea67-0d4a-4934-8990-1e6a6875eaee,trujillo.club,premium,,,medium,low,8,,,,28/09/2026 16:38
3bf7ab4c-d0b8-4115-86d7-5ac83ee2581b,scaly.club,premium,29.5,17.7,medium,low,5,namesilo,,,23/08/2026 00:05
3625e688-ee82-4f80-80e1-b49e9154012a,ageless.club,resell,,,high,low,7,"Sav.com, LLC - 22",03/04/2026 00:00,03/04/2027 00:00,26/09/2026 01:26
cf79504a-8b0f-49d0-86d6-51ed6814ddab,biont.club,available,4.98,24.98,medium,low,5,namecheap,,,23/09/2026 18:48
fc5eda0b-1cb8-4bab-abc8-082d70cb3131,eolic.club,available,4.99,19.49,low,low,5,namesilo,,,17/09/2026 12:36
8b900ddb-a729-4ec8-b866-a859866424e8,countable.club,premium,29.5,17.7,high,low,9,namesilo,,,13/08/2026 03:28
00437684-fb5b-4bd2-9a1e-69073ca5f881,canterbury.club,premium,51.95,15.73,high,low,10,spaceship,,,29/09/2026 18:10
5624673c-b4fe-41f7-96bc-e4ee3656342d,teachings.club,premium,29.5,17.7,medium,low,9,namesilo,,,29/09/2026 23:08
c254f116-0852-4c7d-980d-d32075c23379,akha.club,available,4.99,19.49,medium,low,4,namesilo,,,17/09/2026 23:55
885c2764-bbb8-4c5c-bda0-cdd0347d68bf,berzelius.club,available,4.99,19.49,medium,low,9,namesilo,,,23/09/2026 10:24
f32b5415-491e-469d-a0f1-c8cd172cadb0,moons.club,premium,26.08,15.73,high,low,5,spaceship,,,30/09/2026 05:51
cbf2b77e-73a3-4afa-8838-c7615fb7e053,minister.club,premium,130,19.5,high,low,8,namecheap,,,24/09/2026 20:20
9bd23399-42c6-4216-b1af-47778a067e43,sophomore.club,premium,1107,17.7,high,low,9,namesilo,,,10/09/2026 14:17
1199d099-22a7-4b24-9f81-106ffff8c794,grandfather.club,resell,,,high,low,11,"GoDaddy.com, LLC",11/05/2014 16:16,10/05/2028 23:59,30/09/2026 22:05
e30079cf-7f72-4e5b-a99b-7ba3640d7472,tap.club,resell,,,high,medium,3,"GoDaddy.com, LLC",03/11/2023 21:02,03/01/2027 17:11,27/09/2026 03:03
0d744cd2-c2a4-434e-ace7-cffd9a3daa1d,pintail.club,premium,29.5,17.7,medium,low,7,namesilo,,,19/09/2026 02:52
e79abebd-b69a-48b9-940b-a14bccedf324,aught.club,premium,29.5,17.7,medium,low,5,namesilo,,,03/09/2026 22:36
81f9c559-1674-41b6-8342-d79838f9c91b,upriver.club,premium,29.5,17.7,medium,low,7,namesilo,,,12/09/2026 23:26
a671bdd1-21ab-43ec-b9cc-690937f1bbdb,shuttered.club,premium,29.5,17.7,medium,low,9,namesilo,,,10/09/2026 07:21
dfecc9cc-d0cf-45d0-bcb9-2295fe66c04a,crayola.club,premium,29.5,17.7,high,medium,7,namesilo,,,02/10/2026 13:45
b06ec890-a13e-4691-b987-6003cf2860bd,stores.club,premium,750.5,17.7,high,low,6,unstoppable,,,29/09/2026 20:02
31651492-0962-4337-8cbd-89713a1e96b6,panicky.club,premium,29.5,17.7,medium,low,7,namesilo,,,05/09/2026 00:54
3e08975e-cc99-4214-9eda-c358bfda128d,unpleasant.club,premium,29.5,17.7,medium,low,10,namesilo,,,12/09/2026 16:58
96533beb-21e4-4503-8bfd-34fc269e0b55,heyday.club,resell,,,high,low,6,"GoDaddy.com, LLC",29/06/2021 07:38,29/06/2027 07:38,26/09/2026 06:39
5ab77570-6295-4171-97e8-06c85a176566,agitator.club,premium,32.5,19.5,medium,low,8,namecheap,,,17/09/2026 18:07
43cca055-743e-4f18-9abb-b1257f76c621,swaying.club,premium,32.5,19.5,medium,low,7,namecheap,,,02/10/2026 12:08
617b3a9f-7f73-47c6-8054-94f73476e78e,stretched.club,premium,29.5,17.7,medium,low,9,namesilo,,,10/09/2026 22:34
67b6afd7-ad3a-4528-87f9-5d18c51bbd17,queen.club,premium,3450,17.7,high,low,5,namesilo,,,27/09/2026 09:07
f1cb7760-b994-4e98-bf3c-49ef57ef8d20,cosmetic.club,premium,6900,17.7,high,low,8,namesilo,,,24/09/2026 00:13
2840ae65-94ea-4ff5-ad03-36625d0dbe58,heroes.club,premium,1107,17.7,high,low,6,namesilo,,,17/09/2026 22:48
29b825ad-b83a-4130-aaaf-c945061ca554,bickering.club,premium,29.5,17.7,medium,low,9,namesilo,,,23/09/2026 13:12
0fc3719f-e96f-4a9d-8447-877b8f44f58e,apulia.club,premium,32.5,19.5,medium,low,6,namecheap,,,19/09/2026 22:42
e1b75769-0aeb-44b1-8575-9e232fb05af0,dcs.club,premium,175.5,,high,low,3,unstoppable,,,30/09/2026 20:17
cc29e114-6129-42ef-b6f3-6af665f0674e,asshole.club,available,,,medium,low,7,,,,
1ed0f7ed-8c62-48aa-b28f-6c589e5a00ed,drizzling.club,premium,29.5,17.7,medium,low,9,namesilo,,,14/08/2026 19:38
e39fce61-40b2-4f66-a127-798cbeb18066,sonny.club,premium,130,19.5,high,low,5,namecheap,,,30/09/2026 17:50
a7325e4c-cfa8-44bd-9c70-84f492662461,pottsville.club,premium,26.08,15.73,medium,low,10,spaceship,,,02/10/2026 10:34
49ec1475-825e-4109-b86e-a4098347adc7,devotee.club,resell,,,high,low,7,Dynadot Inc,30/06/2016 09:57,29/06/2027 23:59,26/09/2026 05:32
e9938bb5-f163-46fb-8831-99b261d89bce,unable.club,premium,29.5,17.7,high,low,6,namesilo,,,11/09/2026 23:26
2a0ff0ca-5568-4226-8ea8-52c5f15314d1,tangled.club,premium,29.5,17.7,medium,low,7,namesilo,,,11/09/2026 07:59
a0dc6884-3d5f-4b64-9c8b-7ed017ac34b4,pancreatic.club,premium,29.5,17.7,medium,low,10,namesilo,,,05/09/2026 00:36
a6b8789c-f7aa-4b1f-baaa-2513f56772c2,ameba.club,premium,29.5,17.7,medium,low,5,namesilo,,,18/09/2026 17:40
d0da3a31-e473-493d-becc-43d430a44cbd,extras.club,resell,,,medium,low,6,InternetX GmbH,07/05/2014 15:01,06/05/2027 23:59,26/09/2026 05:58
4f623132-91f8-4000-b2f3-df3dc0f1a992,adorably.club,premium,29.5,17.7,medium,low,8,namesilo,,,13/09/2026 17:21
0d4ad688-7bff-4ff1-a5ed-42823bb2164b,janesville.club,available,4.99,19.49,high,low,10,namesilo,,,02/10/2026 10:33
b20114a0-59c6-4fe1-8313-aa16135b1f9c,downstream.club,premium,32.5,19.5,high,low,10,namecheap,,,14/08/2026 17:59
43e84ffd-e523-4996-86be-2abb89375664,iver.club,available,3.82,15.78,medium,low,4,spaceship,,,03/10/2026 03:38
146e79fb-6d62-4a8e-8613-3e457a6db658,nsa.club,resell,,,high,low,3,,,,27/09/2026 04:50
58def187-5dcd-471f-98a4-b5317684ba1f,basotho.club,available,4.99,19.49,medium,low,7,namesilo,,,22/09/2026 11:35
4e0b6a78-fe08-4602-bd49-dd4f461b0fea,bhp.club,premium,5500,15.96,high,low,3,dynadot,,,29/09/2026 21:45
219412cb-5b27-4fe3-8cf4-6881bbd511f3,availability.club,premium,960,17.7,high,low,12,namesilo,,,30/09/2026 05:58
60644991-5adc-457e-88e0-48c7e95b5c09,morgantown.club,available,15.2,15.2,high,low,10,cloudflare,,,29/09/2026 19:41
74b83ce7-81c2-4ac3-8076-aeafabfc0978,dialing.club,premium,25.5,,high,low,7,unstoppable,,,02/10/2026 18:17
1912e17c-0f94-4517-b2b6-f5a4364ec301,dramatically.club,premium,26.08,15.73,medium,low,12,spaceship,,,29/09/2026 14:45
fad34e31-af62-4ac3-a730-dddcc4029bae,iso.club,premium,,,high,high,3,,,,01/10/2026 11:40
a8a2e575-7ba8-48d7-bf1f-7575c37554ea,harmonization.club,premium,,,high,low,13,,,,02/10/2026 21:49
77841d12-4f04-4d17-8479-068c0e59ff50,spirituality.club,premium,960,17.7,high,low,12,namesilo,,,30/09/2026 06:12
9b344cd9-97bf-4c87-8724-dd046a59d555,quiescent.club,premium,32.5,19.5,medium,low,9,namecheap,,,09/09/2026 08:47
889bebf6-1111-4863-b56c-ef420194912b,conception.club,premium,960,17.7,high,low,10,namesilo,,,24/09/2026 17:07
bdad0776-9af3-4191-91ed-3884b53c4b2f,untrod.club,available,1.98,24.98,medium,low,6,namecheap,,,08/09/2026 10:33
e2bd1b8d-42c8-49ad-9199-1f74b4dad3c2,descendent.club,premium,29.5,17.7,medium,low,10,namesilo,,,14/08/2026 03:16
87736526-39e6-4bab-9482-202a70d5806e,asynchrony.club,available,4.99,19.49,medium,low,10,namesilo,,,20/09/2026 18:41
3aa199a9-95ff-4172-9aa8-e1404bff4986,numbing.club,premium,29.5,17.7,medium,low,7,namesilo,,,03/09/2026 22:49
cc9cda91-52e0-4ff3-a99a-873230f10b3e,chambersburg.club,available,3.82,15.78,medium,low,12,spaceship,,,03/10/2026 06:32
b2fbbdfe-a370-449f-9626-d729f131d97c,abandon.club,premium,29.5,17.7,high,low,7,namesilo,,,24/09/2026 08:17
15c9670c-4b44-4438-b46e-28ffc499c2d3,communicating.club,premium,26.08,15.73,medium,low,13,spaceship,,,28/09/2026 17:54
583b538a-55dc-41dd-a6dd-d9c112f92552,pupils.club,premium,103.7,15.73,low,low,6,spaceship,,,28/09/2026 17:49
e697819d-c2e4-4402-ac59-e070af33fe81,popped.club,premium,26.08,15.73,medium,low,6,spaceship,,,29/09/2026 11:00
4e35ab26-f15d-4d68-bb5c-03cd3306366b,orphans.club,premium,,,low,low,7,,,,28/09/2026 18:19
4bb02ebe-e9e5-4d2f-82bb-990564b07c6c,tutoring.club,premium,819.27,16.9,high,low,8,porkbun,,,29/09/2026 16:08
ffd8848b-6208-4e67-badc-839d18fe25b5,appanage.club,available,4.99,19.49,medium,low,8,namesilo,,,19/09/2026 16:11
c9cb6e2f-0cc8-45f0-a3d1-fd816977e999,warrington.club,available,15.2,15.2,medium,low,10,cloudflare,,,28/09/2026 07:51
35b6f0e6-96ef-43ed-a302-99ca26318475,mallet.club,premium,27.82,16.9,high,low,6,porkbun,,,02/10/2026 05:43
e0609751-83ee-4cc0-967f-a39cf8743011,relapsing.club,available,1.98,24.98,medium,low,9,namecheap,,,09/09/2026 16:17
0d933918-ef61-45a1-90cb-7f23c38610ec,slithering.club,premium,29.5,17.7,medium,low,10,namesilo,,,10/09/2026 11:07
fb42aa5c-b99b-4e22-8450-6e37063e4bfe,exhusband.club,premium,116,17.7,medium,low,10,namesilo,,,17/08/2026 15:21
1fb05233-5aee-4f51-ad6b-2e3c4a67719d,coplanar.club,available,4.98,24.98,medium,low,8,namecheap,,,13/08/2026 00:32
eb75e10d-2913-46df-bee2-eb2da9704604,jehovah.club,available,4.98,24.98,high,low,7,namecheap,,,
bd49368d-e742-49c0-bb16-73196825e2d3,observance.club,premium,29.5,17.7,high,low,10,namesilo,,,12/08/2026 00:35
a8845362-3847-4c44-b5fe-8724da3ce37b,stranger.club,premium,776.45,15.73,high,low,8,spaceship,,,30/09/2026 12:11
d391e7ea-bb61-447f-b4be-3256c626dd26,spineless.club,premium,29.5,17.7,medium,low,9,namesilo,,,22/08/2026 08:58
3bc221f7-26dc-427d-861a-3387b2457254,possibly.club,premium,32.5,19.5,medium,low,8,namecheap,,,28/09/2026 16:14
bdae1578-bcb8-44f6-a6be-f4acbef55023,applicator.club,premium,29.5,17.7,medium,low,10,namesilo,,,19/09/2026 21:55
01885847-29c0-40e4-b7d8-546ec0693dd2,ramble.club,premium,116,17.7,high,low,6,namesilo,,,10/09/2026 22:10
216f3ec0-0ebf-4919-92dd-859e24bb79ff,poindexter.club,available,15.2,15.2,high,low,10,cloudflare,,,02/10/2026 17:48
f844269e-e529-4f20-8431-9f57c87050f8,innate.club,premium,29.5,17.7,high,low,6,namesilo,,,12/08/2026 21:44
ab9ed83e-32f5-4a84-88b2-f83d921715d5,fought.club,premium,29.5,17.7,medium,low,6,namesilo,,,
635e9eb0-e4b5-4d03-820b-415589b7688b,longlasting.club,premium,29.5,17.7,high,low,12,namesilo,,,
3891e863-cf62-44c9-b297-7113fe89af68,outright.club,premium,29.5,17.7,high,low,8,namesilo,,,04/09/2026 19:35
35aaa1bd-3b28-4c03-875c-febd81744253,sponsoring.club,premium,29.5,17.7,medium,low,10,namesilo,,,01/10/2026 18:41
2f002e86-4949-477c-8e94-0d509385c436,coincident.club,premium,29.5,17.7,medium,low,10,namesilo,,,12/08/2026 13:18
fac42656-32d1-454c-81bc-84d3b9b1aecf,desire.club,premium,975,19.5,high,low,6,namecheap,,,19/09/2026 18:10
e1698fc1-2476-4d0f-992b-676cfcc70d3f,junction.club,premium,29.5,17.7,high,low,8,namesilo,,,01/10/2026 16:14
0f599d84-8b81-44fb-930e-d96872c28920,tyrannical.club,premium,32.5,19.5,medium,low,10,namecheap,,,07/08/2026 19:12
ad4157a2-07c5-43b3-9748-d2cb0b01c645,deadlocked.club,premium,33.49,20.09,medium,low,10,name.com,,,13/08/2026 19:27
52a0da65-27e4-4ac7-b493-c27845f887b9,conclusive.club,premium,32.5,19.5,high,low,10,namecheap,,,23/09/2026 19:11
7babfa9c-217d-404e-9150-0ea0a8b31ca7,limburg.club,premium,26.08,15.73,medium,low,7,spaceship,,,30/09/2026 23:06
fea9d1aa-ce1e-4eb7-80d1-c93b9ad6378d,yielding.club,premium,960,17.7,high,low,8,namesilo,,,13/09/2026 14:36
18a50d5a-c0a9-4a4d-ae9b-cdb2bbb55d88,yokohama.club,premium,,,medium,low,8,,,,02/10/2026 06:41
b7d35469-42bf-435a-bba8-847742c42a89,circulatory.club,premium,26.08,15.73,high,low,11,spaceship,,,03/10/2026 03:21
d15f78b9-21e0-4627-b89f-e4308868bb92,braithwaite.club,available,4.99,19.49,medium,low,11,namesilo,,,02/10/2026 00:44
7f09fbc9-0189-4269-82f4-ac20c005265c,aerolite.club,available,4.99,19.49,medium,low,8,namesilo,,,17/09/2026 13:06
4180313f-124f-4aec-bc80-bbdb4897f86e,unfenced.club,available,1.98,24.98,medium,low,8,namecheap,,,12/09/2026 10:10
ce184ab8-d647-4bfc-bc1b-377bf39f76d7,carried.club,premium,29.5,17.7,medium,low,7,namesilo,,,25/09/2026 17:00
3cb79404-2f00-4d62-9b7e-ed77be70b3c5,simmonds.club,available,20.5,,medium,low,8,unstoppable,,,02/10/2026 10:51
557dbf0f-72cd-4aaa-a5af-51584ee50f07,lagrangian.club,premium,25.5,,medium,low,10,unstoppable,,,29/09/2026 14:39
d201f70f-7413-4051-b89f-2bafa6e40436,hoydenish.club,available,2.19,19.49,medium,low,9,namesilo,,,21/08/2026 14:29
e66a7a36-682b-4a7a-b1ac-6cbd56391c7e,horizontal.club,premium,29.5,17.7,high,low,10,namesilo,,,21/08/2026 14:00
cbb82b47-8434-49de-b6ed-a6edfbc01f25,whitefish.club,premium,27.82,16.9,medium,low,10,porkbun,,,03/10/2026 04:13
84607207-447d-4e42-914d-3777d438be44,years.club,premium,109.69,16.9,high,low,5,porkbun,,,29/09/2026 13:21
0acf0879-7d65-4255-a810-0181d4c2cea3,innovate.club,resell,,,high,low,8,"GoDaddy.com, LLC",07/05/2014 15:04,06/05/2027 23:59,03/10/2026 05:43
3913502d-9199-4312-828e-8b7c163d3f67,argonauta.club,available,4.99,19.49,medium,low,9,namesilo,,,20/09/2026 04:32
18071c93-3b3a-4631-9fa8-965face18ec6,animalism.club,available,4.99,19.49,medium,low,9,namesilo,,,19/09/2026 08:55
9273fd43-70a3-4b27-85d2-b86513e70b93,muller.club,resell,,,high,low,6,,,,29/09/2026 18:58
19db9023-ee4a-4cd7-b4c5-b3993578226b,atheism.club,premium,130,19.5,medium,low,7,namecheap,,,20/09/2026 20:31
73e5f71e-d5dc-479b-bc92-d2994ecf504e,herman.club,premium,,,high,low,6,,,,28/09/2026 02:07
c996f6d3-cb13-4b51-889c-4a9fba5b4a7d,guineas.club,premium,26.08,15.73,medium,low,7,spaceship,,,01/10/2026 17:45
7f7c3ed0-4141-4733-b51e-8b81b6a1248d,guards.club,premium,53.92,17.7,high,low,6,namesilo,,,
eef2bef0-155e-49f5-a74a-312dde70ceb0,originality.club,premium,27.5,15.96,high,low,11,dynadot,,,30/09/2026 14:27
941398b5-45e7-4063-853b-92fb2318d43c,implications.club,premium,26.08,15.73,medium,low,12,spaceship,,,29/09/2026 17:18
a605e0ea-dc22-4d8e-826b-bcee261cfdaa,sciences.club,premium,116,17.7,medium,low,8,namesilo,,,02/10/2026 10:32
ca2ab350-6afa-4e9f-ae99-3c1d7f33802a,unpainted.club,premium,29.5,17.7,medium,low,9,namesilo,,,12/09/2026 16:25
7f9be433-3994-479a-9460-ccda35eb9b1c,persia.club,resell,,,high,low,6,,,,01/10/2026 02:42
ef407f8a-fc86-40d3-b140-61d430ab5504,compensated.club,premium,25.5,,medium,low,11,unstoppable,,,01/10/2026 18:26
d38fb435-3851-4106-86bd-15d6a5df9e04,acinic.club,available,4.98,24.98,medium,low,6,namecheap,,,
73eefb65-c03d-4b87-8351-813fabc73916,dyed.club,premium,29.5,17.7,high,low,4,namesilo,,,14/08/2026 21:54
cf4e8500-9178-4539-869d-ac9f41da4e93,folger.club,available,4.12,15.96,medium,low,6,porkbun,,,02/10/2026 09:53
8e12006b-a9bc-4f32-86cc-e36b73ebea06,sheets.club,premium,1107,17.7,medium,low,6,namesilo,,,27/09/2026 02:20
6a7cc536-d440-4485-a29d-c50f4fed4e6a,disposition.club,premium,26.08,15.73,high,low,11,spaceship,,,29/09/2026 02:57
144a37ad-1151-48ca-87ca-6bc9ea8436ed,jax.club,resell,,,high,low,3,,,,02/10/2026 10:25
1acc0956-b08b-4247-b5d1-1c505f51e454,thinner.club,premium,26.08,15.73,high,low,7,spaceship,,,29/09/2026 06:40
4c336783-c833-460c-8e67-7e73df8c0fda,keaton.club,premium,116,17.7,medium,low,6,namesilo,,,30/09/2026 00:55
6e22f8c1-6576-4655-927f-8ad8473006ae,inevitably.club,premium,29.5,17.7,medium,low,10,namesilo,,,15/09/2026 08:09
527f74da-5c5f-4cbd-8a3a-47b82aa3a9b9,supervisory.club,premium,29.5,17.7,medium,low,11,namesilo,,,02/10/2026 07:35
60407db1-07d7-4af9-9f8e-8dccb2e53f23,cues.club,premium,29.5,17.7,medium,low,4,namesilo,,,01/10/2026 00:54
24defe93-c582-4dc4-a88b-420a237c277d,batty.club,premium,29.5,17.7,medium,low,5,namesilo,,,06/08/2026 20:35
4d6f3c44-48de-4874-8058-445333a09d36,sinks.club,premium,26.08,15.73,medium,low,5,spaceship,,,30/09/2026 15:46
07e3d3ee-a725-484b-9921-9d81faf7ec53,adenovirus.club,premium,33.49,20.09,medium,low,10,name.com,,,17/09/2026 07:41
b1b5d512-95e1-40a0-8652-e20616beb46a,phony.club,premium,29.5,17.7,medium,low,5,namesilo,,,08/08/2026 23:09
7a080d59-a11c-4481-a489-7ee38bfa5878,dig.club,premium,6500,19.5,high,low,3,namecheap,,,24/09/2026 23:51
237b175b-e0c7-4c77-8c57-b8856c3300a5,dignitary.club,premium,26.08,15.73,high,low,9,spaceship,,,29/09/2026 14:54
750a4382-1276-44b8-b2a3-b7111a4c7a2b,lottery.club,premium,2750,15.96,high,low,7,dynadot,,,30/09/2026 03:22
05bb06d6-ee04-4c10-94c6-0b887e6d6bdf,heian.club,premium,29.5,17.7,medium,low,5,namesilo,,,02/10/2026 23:11
81ea3f1a-444e-4b40-a4d7-9ec6febe24b3,tsh.club,premium,224,17.7,high,low,3,namesilo,,,03/10/2026 02:15
2ea2d705-b90b-4918-9218-83f3d3e81dbc,lewisburg.club,available,20.5,,medium,low,9,unstoppable,,,02/10/2026 10:31
0382c95d-c15c-4104-a57d-95c52c95965f,penance.club,premium,26.08,15.73,high,low,7,spaceship,,,02/10/2026 06:03
c6cad7db-2c23-49db-a6a1-ac533312d475,honest.club,premium,960,17.7,high,low,6,namesilo,,,21/08/2026 13:19
0fe578c8-a46c-460b-814a-897bb67b0844,octuple.club,available,4.98,24.98,medium,low,7,namecheap,,,15/08/2026 21:25
37b1b59d-8aa9-4bb7-9867-01e2f93c06d1,premises.club,premium,25.5,,medium,low,8,unstoppable,,,28/09/2026 15:06
b1b65937-27e6-46fd-839a-d4644ec95713,pretender.club,premium,32.5,19.5,high,low,9,namecheap,,,08/09/2026 19:12
90060fbe-e2e1-447b-8113-9eb65b93d16a,antecedent.club,premium,29.5,17.7,high,low,10,namesilo,,,
a1fb087a-75f4-407a-a11b-49effaa3a2a6,wheat.club,premium,26.08,15.73,high,low,5,spaceship,,,28/09/2026 06:34
8f0383ac-99ba-4741-9b8c-3cf6b47b4278,accented.club,premium,29.5,17.7,medium,low,8,namesilo,,,
029daafa-3510-4764-8d46-c5121549a8f4,bernard.club,premium,116,17.7,medium,low,7,namesilo,,,23/09/2026 09:46
05879cc5-ea00-4499-be66-d49bcac49555,ebonics.club,premium,33.49,20.09,medium,low,7,name.com,,,16/09/2026 13:39
66dac3f7-db94-4026-bcf6-df0fae249629,aca.club,premium,224,17.7,high,low,3,namesilo,,,29/09/2026 09:04
1905bf84-914c-4690-845e-f1a2ba6e32e0,lopsided.club,premium,29.5,17.7,medium,low,8,namesilo,,,07/08/2026 03:41
b01834dd-c9f2-4098-abc2-6c4567295118,abigail.club,premium,302.5,17.7,medium,low,7,namesilo,,,29/09/2026 02:47
d22b8076-01fd-4ed7-b4e7-b04d2bcad8ff,trevor.club,resell,,,high,low,6,Dynadot Inc,18/01/2021 19:45,18/01/2027 19:45,26/09/2026 09:45
5c5f775b-dcd9-4c45-9780-76ed3c66f189,male.club,premium,3450,17.7,high,low,4,namesilo,,,25/09/2026 16:34
e9bb8b83-758a-49a1-b7e7-ecc89c13f10d,rican.club,available,4.99,19.49,high,low,5,namesilo,,,25/09/2026 13:13
00b19aed-0958-4e0c-a2d1-d75bb1738b60,advertence.club,available,4.99,19.49,medium,low,10,namesilo,,,17/09/2026 11:06
a769ef45-5b04-4c5e-8533-051246fafcb1,washable.club,premium,29.5,17.7,high,low,8,namesilo,,,13/09/2026 08:29
671fd02f-912e-4624-a5df-25cf16a41051,putrid.club,premium,29.5,17.7,high,medium,6,namesilo,,,09/09/2026 06:43
b358680d-dc35-432b-b19c-f13a7868517d,clad.club,premium,29.5,17.7,high,low,4,namesilo,,,12/08/2026 09:13
1e317289-ac3b-4aa3-ba8c-69311b424357,learned.club,premium,32.5,19.5,high,low,7,namecheap,,,30/09/2026 19:33
587c94e5-dec9-4c1a-b0d9-0964a291bd46,stockings.club,premium,302.5,17.7,medium,low,9,namesilo,,,17/09/2026 08:14
fef7bb04-c69b-4f06-8dc8-81860118a6d0,mexican.club,premium,1004.7,20.09,high,low,7,name.com,,,25/09/2026 20:01
4aa52f9e-89d1-4844-a6e2-fd87a7c88127,dysfunctional.club,premium,29.5,17.7,medium,low,13,namesilo,,,30/09/2026 11:37
ef6e93a6-912e-4979-a2b7-6744ed4a7e44,granicus.club,available,4.99,19.49,medium,low,8,namesilo,,,22/09/2026 15:08
c21470e5-2fca-4863-ac91-9b0154ba3dab,venter.club,available,4.99,19.49,medium,low,6,namesilo,,,16/09/2026 14:46
c819f53e-651d-49b2-9615-5b6f4400426b,codified.club,premium,29.5,17.7,medium,low,8,namesilo,,,12/08/2026 15:19
fe2d1a0d-84f3-40e4-9f27-4681235329f4,magnetism.club,premium,29.5,17.7,high,low,9,namesilo,,,30/09/2026 10:31
ab775e1a-8fb9-4629-8c35-81e67409cf0b,engages.club,premium,26.08,15.73,medium,low,7,spaceship,,,02/10/2026 22:45
dfb75e5c-edc6-4ee4-b69c-f2952ad46e2f,fixes.club,premium,,,medium,low,5,,,,01/10/2026 18:27
f5ef61ca-bad5-4734-809d-0e1e112f9dd1,uninviting.club,premium,29.5,17.7,medium,low,10,namesilo,,,12/09/2026 13:39
c99c79f4-8c91-4ad9-968f-c5b9400b0033,roadway.club,premium,25.5,,high,low,7,unstoppable,,,01/10/2026 21:33
9f7fe4b3-2faf-45d1-b523-fa5639c3b8ff,blether.club,available,4.99,19.49,medium,low,7,namesilo,,,24/09/2026 04:49
266b6cfc-3a6e-4f28-b882-cb6a2c281740,preanal.club,available,1.98,24.98,high,medium,7,namecheap,,,09/09/2026 01:09
06c4f4d0-3889-41d2-a8e1-e8d749c5e654,automat.club,premium,116,17.7,high,low,7,namesilo,,,21/09/2026 06:52
46f67a5e-9c06-4dd9-90cc-eb69ad8d7458,rations.club,premium,27.5,15.96,medium,low,7,dynadot,,,30/09/2026 06:27
06ab5c76-07b9-4422-839f-14ca5fdaec97,widow.club,premium,302.5,17.7,high,low,5,namesilo,,,27/09/2026 05:54
dc60939a-0881-4c56-aad8-652c73cc7a4c,erotic.club,premium,6500,19.5,high,low,6,namecheap,,,17/08/2026 12:42
7f429056-87d9-4eaf-9509-880a31689285,wiper.club,premium,29.5,17.7,high,low,5,namesilo,,,24/09/2026 17:39
8528a75f-2555-4188-8714-a4bddc8756ce,anticlimax.club,premium,29.5,17.7,medium,low,10,namesilo,,,19/09/2026 14:16
9f5b1b77-bedf-49a1-8025-df5d055bf191,stygian.club,available,4.98,24.98,medium,low,7,namecheap,,,
17b6e4f9-b33f-4be7-a9e0-d7726222e69f,analgesia.club,premium,29.5,17.7,medium,low,9,namesilo,,,19/09/2026 01:49
17b5101e-be14-4fac-a139-0ad3e5a3036f,anergy.club,available,4.98,24.98,medium,low,6,namecheap,,,19/09/2026 05:29
4a7b3c6f-1c9f-47b3-b9db-6c27927ca58b,prussian.club,premium,29.5,17.7,high,low,8,namesilo,,,09/09/2026 04:50
55d03424-fab9-4c19-b844-837e084c7486,guangdong.club,resell,,,medium,low,9,,,,28/09/2026 09:58
02ecf66b-856e-47c9-81ff-b71223210c79,jekyll.club,premium,51.95,15.73,medium,low,6,spaceship,,,02/10/2026 01:06
f82c21d7-94c6-46d5-a1cb-837c4a1e58ff,macmillan.club,premium,29.5,17.7,high,low,9,namesilo,,,25/09/2026 12:59
9b0eb3a7-d5b8-484c-9000-f04ed60ced83,weaker.club,premium,26.08,15.73,low,low,6,spaceship,,,29/09/2026 05:14
da7edaf3-f752-4f46-91bc-97a5778880f4,suspects.club,premium,116,17.7,medium,low,8,namesilo,,,27/09/2026 03:17
96e5f72a-3ed8-4a0d-a4c7-ae2004d01446,agincourt.club,available,4.98,24.98,medium,low,9,namecheap,,,17/09/2026 17:59
3088c4e1-3cc9-4d54-9712-b8d2e53b04a7,progressed.club,premium,29.5,17.7,medium,low,10,namesilo,,,30/09/2026 14:54
59de078c-d77d-4072-bc28-b54a338cb438,andrade.club,available,20.5,,medium,low,7,unstoppable,,,29/09/2026 10:57
8f1b8063-a9f1-44eb-9954-9bfb5fadf0c4,highway.club,premium,1107,17.7,high,low,7,namesilo,,,29/09/2026 22:47
906cd65f-a263-43d0-bb02-66343dc70670,avoided.club,premium,,,low,low,7,,,,29/09/2026 05:05
e0fe20b6-cb91-42da-8aeb-98105f545133,colouring.club,resell,,,medium,low,9,"Spaceship, Inc.",25/11/2018 08:54,25/11/2026 08:54,26/09/2026 05:07
a141e460-572b-4765-bc09-f1e04b512a5e,mashed.club,premium,26.08,15.73,high,low,6,spaceship,,,30/09/2026 12:00
d41761af-4257-42f1-a1f9-9ea2733b6a05,rumanian.club,premium,32.5,19.5,high,medium,8,namecheap,,,09/09/2026 18:28
adcca844-7e0b-4714-9901-6b9f05f0afe5,prokofiev.club,available,4.99,19.49,medium,low,9,namesilo,,,02/10/2026 16:26
0107912f-4202-4899-8072-63b6a3bb0260,scraps.club,premium,29.5,17.7,high,low,6,namesilo,,,01/10/2026 02:13
f5e770cf-f021-492c-a954-818fad6eb30f,garfield.club,resell,,,medium,low,8,,,,28/09/2026 14:15
21f49319-90ba-4e8a-9d00-0f2506d0b65d,xlviii.club,available,4.98,24.98,medium,low,6,namecheap,,,
7aa429c6-fbff-4ef1-931a-3f4a5b1ec44f,gave.club,premium,960,17.7,medium,low,4,namesilo,,,
5287a2f9-b3d1-4c6a-bca0-28a3135293b6,manifestly.club,premium,32.5,19.5,medium,low,10,namecheap,,,08/09/2026 20:23
7d78ca20-e840-42e5-992b-6de945f4ba66,vanguard.club,available,,,high,high,8,,,,
afa467f8-a066-4d84-ba26-dedb77144a02,unbeaten.club,premium,29.5,17.7,high,low,8,namesilo,,,12/09/2026 01:45
e4b7cad4-b017-4f51-84b5-2a7d9046805e,aberdare.club,available,4.98,24.98,medium,low,8,namecheap,,,16/09/2026 15:08
192c5daf-8e25-4c3c-9ccb-0b50a3e675cf,unquiet.club,premium,29.5,17.7,medium,low,7,namesilo,,,12/09/2026 17:40
1688644b-7866-4728-bc12-77d57e63b6cf,unfortunate.club,premium,29.5,17.7,medium,low,11,namesilo,,,26/09/2026 03:07
42f3ef97-3e19-4509-812d-dc1e67c1b354,skirt.club,resell,,,high,low,5,Dynadot Inc,12/05/2014 14:07,11/05/2027 23:59,29/09/2026 03:43
bb17358d-8210-42cd-8ed4-767328abf793,chemical.club,premium,960,17.7,high,low,8,namesilo,,,08/09/2026 15:30
bd485fea-a72c-441a-b6f6-517440b6f409,technological.club,premium,26.08,15.73,medium,low,13,spaceship,,,02/10/2026 10:35
6d2be41e-1b24-4a37-a751-d11a22a90074,salzburg.club,premium,29.5,17.7,high,low,8,namesilo,,,28/09/2026 03:02
c8ca2849-35d8-47f1-99af-e6a578ac0b0b,bollywood.club,resell,,,high,low,9,,,,30/09/2026 08:37
c362c24c-7ba8-41d2-9e41-aa994dae2038,clinics.club,premium,960,17.7,high,low,7,namesilo,,,20/09/2026 12:34
b9f10a14-c8bb-4bd5-a2b9-f7324ae3beb6,punily.club,available,1.98,24.98,low,low,6,namecheap,,,15/09/2026 22:01
87adf649-e10b-41dd-884e-5bd163887f18,bayside.club,resell,,,high,low,7,,,,03/10/2026 03:48
a9ed1087-3a01-47cb-bf5d-7857f9df21b4,teeming.club,premium,29.5,17.7,high,low,7,namesilo,,,11/09/2026 10:05
0a13f17c-0d76-46f6-bf67-b8c0c9b26efb,plucked.club,premium,32.5,19.5,medium,low,7,namecheap,,,08/09/2026 21:28
23f2d5db-3aaf-4821-be1e-4eca426076ad,ruler.club,premium,,,high,low,5,,,,28/09/2026 10:51
b5dda8e6-0a1e-407b-a10e-450acbbfaaa3,tactful.club,premium,29.5,17.7,medium,low,7,namesilo,,,22/08/2026 15:49
b445b997-c6d5-4f58-982e-32adb2377b26,brescia.club,available,4.98,24.98,medium,low,7,namecheap,,,29/09/2026 06:10
a1ef52e5-6c46-453d-82ca-1fc53b634e37,soignee.club,available,1.98,24.98,medium,low,7,namecheap,,,10/09/2026 13:30
d9aaa7ae-5805-4c53-815f-ae247bf2f511,doorstep.club,premium,32.5,19.5,high,low,8,namecheap,,,30/09/2026 09:23
aed40858-aeba-4db3-9d2a-a9b2ddc5ebbe,allows.club,premium,,,low,low,6,,,,28/09/2026 08:44
d94d56d3-fcce-4695-b1dd-fcf0e40d281f,tectonics.club,premium,29.5,17.7,medium,low,9,namesilo,,,20/09/2026 02:14
921730f0-05f5-494a-b753-a3654067e737,fees.club,premium,53.92,17.7,high,low,4,namesilo,,,
baa75538-1fff-48e8-9e78-f62c2eb01a2d,perceiver.club,premium,29.5,17.7,high,low,9,namesilo,,,08/09/2026 16:18
5c189855-9dee-406d-8824-19b5b08c74a5,unaged.club,available,1.98,24.98,medium,low,6,namecheap,,,12/09/2026 00:11
b4f34f5e-e7c5-4262-b66c-7dd6f1cddb7f,turns.club,premium,29.5,17.7,medium,low,5,namesilo,,,18/09/2026 14:48
ed14312e-728c-43df-a662-f5a05d925932,met.club,premium,181.33,15.73,high,low,3,spaceship,,,27/09/2026 17:23
90e7b513-805d-4200-a842-2d2d44e290c4,lyttelton.club,available,4.99,19.49,medium,low,9,namesilo,,,02/10/2026 01:07
af7bef49-804e-4f3b-a13e-f1480d8f0431,islamic.club,premium,1107,17.7,high,low,7,namesilo,,,22/08/2026 10:50
02bd841a-2082-4d1a-a3ea-d9f72a99eb22,appointee.club,premium,29.5,17.7,medium,low,9,namesilo,,,19/09/2026 21:58
23b04276-8d7e-4554-95c5-7e2dda0c5d51,brockton.club,premium,51.95,15.73,high,low,8,spaceship,,,30/09/2026 14:00
7da1f10b-54e7-4b17-9460-e570630503c7,overheated.club,premium,29.5,17.7,medium,low,10,namesilo,,,04/09/2026 20:47
e5221247-2d77-4c63-a611-00b9387bd416,repeating.club,premium,,,high,low,9,,,,28/09/2026 06:41
80e3233e-1ac0-433c-a0ab-094a9d394f2e,jural.club,premium,29.5,17.7,medium,low,5,namesilo,,,22/08/2026 14:34
cd8c8ee8-b7a8-4adc-a9a3-d5e6694a8b25,drills.club,premium,53.92,17.7,medium,low,6,namesilo,,,30/09/2026 15:41
228487ab-f8e8-4043-aebb-2e4851050e2b,bilby.club,available,4.99,19.49,medium,low,5,namesilo,,,23/09/2026 15:40
e7ab293e-fc06-4302-8615-142057780947,lingering.club,premium,29.5,17.7,medium,low,9,namesilo,,,30/09/2026 10:28
716d9eac-165d-46bf-8d28-83708d3711d9,bribes.club,premium,26.08,15.73,low,low,6,spaceship,,,01/10/2026 00:36
e403034d-2741-4e16-81dc-2823a5752a0b,barometric.club,premium,32.5,19.5,medium,low,10,namecheap,,,08/08/2026 20:06
543e3d33-0c74-474e-81a0-6b53af705e75,arachnoid.club,available,1.98,24.98,medium,low,9,namecheap,,,06/08/2026 11:41
7afa4891-6421-404b-a35a-e51be34248f1,plier.club,available,4.98,24.98,medium,low,5,namecheap,,,30/09/2026 07:03
204c207b-334a-41ed-ac59-fc1a966bc7d3,explosion.club,premium,960,17.7,medium,low,9,namesilo,,,25/09/2026 21:57
64b2ce8d-ac6d-4a44-8dae-d34f9e1c4113,firefighters.club,premium,776.45,15.73,medium,low,12,spaceship,,,01/10/2026 00:47
2bc65376-cc03-4d54-b556-e0a70b8370ec,roofed.club,premium,29.5,17.7,high,medium,6,namesilo,,,09/09/2026 18:33
3479dd1e-9b99-4a2a-9c49-070b58eb69c1,apathetic.club,premium,29.5,17.7,medium,low,9,namesilo,,,05/08/2026 22:04
289a2412-2a37-49b2-8b13-c35cfd987d17,abactinal.club,available,4.98,24.98,medium,low,9,namecheap,,,
57c8e992-9577-41c3-b340-9185b5184b9f,hooved.club,available,2.19,19.49,medium,low,6,namesilo,,,21/08/2026 13:42
badb02c7-3b2c-46ee-aacb-965db0bdd3e2,distantly.club,premium,29.5,17.7,medium,low,9,namesilo,,,14/09/2026 13:17
4990384f-75a3-4d05-81ab-4c58d1090212,pigheaded.club,available,1.98,24.98,medium,low,9,namecheap,,,11/08/2026 08:32
57788f2c-09fb-4f36-adfd-d8dcf683f46f,whirl.club,premium,26.08,15.73,high,low,5,spaceship,,,02/10/2026 14:44
4dce76f7-ab8d-4c8a-b95f-1825ed24388a,relays.club,premium,27.5,15.96,medium,low,6,dynadot,,,01/10/2026 18:27
b3977c85-db10-4aa2-82df-e8a51cab3ee3,valved.club,available,1.98,24.98,medium,low,6,namecheap,,,13/09/2026 01:03
fbd5e7da-5025-47b8-a29b-7d8865bb53fd,radar.club,resell,,,high,medium,5,"GoDaddy.com, LLC",25/07/2017 16:47,25/07/2027 16:47,30/09/2026 04:23
85e48090-d01c-45f7-8aff-907f2bfe4e20,nis.club,premium,6900,17.7,high,low,3,namesilo,,,29/09/2026 14:58
af443cf7-da62-4ff4-ad57-71148b7ee124,airmanship.club,available,4.99,19.49,medium,low,10,namesilo,,,17/09/2026 23:16
20c17e5a-a456-4efb-a1ef-02bb54b6917f,too.club,premium,224,17.7,high,low,3,namesilo,,,28/09/2026 12:00
d1e1a577-8050-499f-a196-387004cfed5b,whittier.club,premium,55,15.96,medium,low,8,dynadot,,,28/09/2026 10:10
0ad641a6-54fa-42c4-855d-4fa59e7cb22d,hussey.club,available,3.82,15.78,high,low,6,spaceship,,,29/09/2026 15:04
9703742b-026b-443c-9a43-dd817c2bac15,dried.club,premium,32.5,19.5,high,low,5,namecheap,,,14/08/2026 18:59
530f53e4-4721-4638-bd63-dcb511e93c3d,tiled.club,premium,29.5,17.7,medium,low,5,namesilo,,,11/09/2026 15:55
803eff79-e62d-4a91-8e4b-5eb6ca603f48,oils.club,premium,302.5,17.7,medium,low,4,namesilo,,,30/09/2026 00:28
8acf65ee-481c-43a1-a22a-1642bc6cac4a,captious.club,available,4.98,24.98,medium,low,8,namecheap,,,11/08/2026 18:18
01efb7e1-d464-4f70-8867-6dbba8964d2b,formality.club,premium,25.5,,high,low,9,unstoppable,,,30/09/2026 09:43
b576886f-bde1-4755-a2bf-d575d87510ac,screamer.club,premium,32.5,19.5,medium,low,8,namecheap,,,22/09/2026 17:00
1780e20b-b293-40cd-8f1d-233e741500e2,singly.club,premium,29.5,17.7,medium,low,6,namesilo,,,15/09/2026 08:03
f0f2d613-a16c-41a3-8088-bd7f9ebba8a6,discography.club,premium,26.08,15.73,high,low,11,spaceship,,,02/10/2026 06:53
6b149a56-9cdf-4bc0-8555-90bf839d626c,tortured.club,premium,29.5,17.7,medium,low,8,namesilo,,,
c237b2fa-14e3-4f5a-ab17-c844abe1b540,stunningly.club,premium,29.5,17.7,medium,low,10,namesilo,,,16/09/2026 06:09
75f93332-cb26-46a6-9cca-eca6a5a942ad,centenary.club,premium,29.5,17.7,high,low,9,namesilo,,,11/08/2026 23:54
dfa876a1-713a-4812-a0a6-9b91452ce136,yells.club,premium,27.82,16.9,low,low,5,porkbun,,,01/10/2026 00:47
d7fd21bb-1f18-4d8d-b091-5f30112a05f2,lindbergh.club,available,4.99,19.49,medium,low,9,namesilo,,,29/09/2026 06:20
acf61aa8-28ae-4cd5-9549-96824de2bc40,populations.club,premium,32.5,19.5,medium,low,11,namecheap,,,18/09/2026 17:58
3a445997-05e4-4c75-a537-e1dc9964ebcb,battue.club,available,4.98,24.98,medium,low,6,namecheap,,,22/09/2026 16:30
8862d6c9-8686-45cd-a614-8816ce69439e,baths.club,premium,975,19.5,high,low,5,namecheap,,,28/09/2026 23:22
059a7307-9872-46d7-8ddc-a4b4628db365,countrymen.club,premium,29.5,17.7,medium,low,10,namesilo,,,01/10/2026 16:35
925118a0-ba4a-4f41-b575-d5e3c6beb55b,nominated.club,premium,32.5,19.5,high,low,9,namecheap,,,03/09/2026 18:18
925ac6c9-6334-4ded-a988-50d92b7af030,countess.club,premium,25.5,,medium,low,8,unstoppable,,,28/09/2026 13:48
bc88b163-5d11-4c34-9fd7-aa657f137538,rustproof.club,available,1.98,24.98,medium,low,9,namecheap,,,09/09/2026 20:21
a1dd33ee-a5a3-4f6a-86b4-bba86a5fffbc,baryon.club,premium,29.5,17.7,medium,low,6,namesilo,,,22/09/2026 09:41
cb0ca6e9-3e7e-4e45-b0a4-571e894461f0,widen.club,premium,25.5,17.7,high,low,5,unstoppable,,,30/09/2026 19:38
8d44096c-29d4-4e0e-bf35-ab5b2269ea96,khorasan.club,available,4.99,19.49,medium,low,8,namesilo,,,30/09/2026 21:55
5569d81d-e56f-4272-916c-838c4ea5cef2,ozarks.club,available,4.99,19.49,medium,low,6,namesilo,,,01/10/2026 03:12
1b05f79a-5268-4ee9-878b-e64e75c2f183,makeover.club,premium,302.5,17.7,high,low,9,namesilo,,,02/10/2026 05:42
7317bd9a-d16d-442f-b645-c97442392f5e,sociologist.club,premium,103.7,15.73,high,low,11,spaceship,,,03/10/2026 03:08
29ae73a8-6e9c-4d30-b749-8a5e642d7740,unbridled.club,premium,29.5,17.7,high,low,9,namesilo,,,12/09/2026 04:31
88493080-8b42-4571-8c7a-04685a3fcbeb,seclusion.club,premium,26.08,15.73,high,low,9,spaceship,,,02/10/2026 16:25
44607f13-7f7b-4fc6-b858-3ac404cf510a,enmity.club,premium,29.5,17.7,medium,low,6,namesilo,,,19/09/2026 12:26
cdfacf27-adc6-4274-a8e4-7af2325d79c4,boaster.club,available,1.98,24.98,medium,low,7,namecheap,,,11/08/2026 01:18
00d25fbe-b9f2-4419-bcb3-7fb2214d67ee,piecemeal.club,premium,29.5,17.7,high,low,9,namesilo,,,10/08/2026 07:07
fe538180-0c11-4c24-9587-c6fd346836e9,prohibited.club,premium,29.5,17.7,medium,low,10,namesilo,,,08/08/2026 13:48
bcb32501-905e-402a-8f6c-332c6c1cc080,octavia.club,premium,103.7,15.73,medium,low,7,spaceship,,,01/10/2026 09:32
4f3420e5-8d47-4cfe-bad9-cfee4ac12352,conceal.club,premium,25.5,17.7,high,low,7,unstoppable,,,29/09/2026 22:43
6548a81e-dd25-4466-b32c-e4c6525acabb,philosopher.club,premium,1035.2,15.73,high,low,11,spaceship,,,28/09/2026 11:16
7fcde156-cec0-43bd-81c8-0dd684ae3f5f,velar.club,premium,29.5,17.7,medium,low,5,namesilo,,,13/09/2026 01:59
57ed6d09-7c8a-4ed8-97f3-6cfd1a7311ba,adoration.club,premium,29.5,17.7,high,low,9,namesilo,,,17/09/2026 09:44
5b958fc6-68ab-4f6c-9932-4505f9b53bc6,cavendish.club,premium,51.95,15.73,high,low,9,spaceship,,,02/10/2026 14:36
1974516f-cbac-4d7a-82e0-68e4356dfbf1,infectious.club,premium,29.5,17.7,medium,low,10,namesilo,,,22/08/2026 04:12
32fde00a-8d80-4907-9c58-158d38fcdb96,acorn.club,resell,,,high,low,5,"GoDaddy.com, LLC",13/09/2018 07:35,13/09/2027 07:35,26/09/2026 01:21
2fb50de3-556c-410d-86b3-3a19fc20376f,diseased.club,premium,29.5,17.7,medium,low,8,namesilo,,,14/08/2026 10:08
e56b4e8b-6b55-4d90-9a8c-26c84d446509,sandinista.club,premium,29.5,17.7,medium,low,10,namesilo,,,01/10/2026 23:29
bfd82be8-ccb5-48fd-91dd-a376988d3d68,quieten.club,available,4.98,24.98,medium,low,7,namecheap,,,11/08/2026 15:02
ab409573-c1bc-42f7-b68e-ad74c4afac39,increase.club,premium,1035.2,15.73,high,low,8,spaceship,,,29/09/2026 20:27
f0e96e65-9420-4e6d-a9b4-50dcdd563eff,hollis.club,available,15.2,15.2,medium,low,6,cloudflare,,,28/09/2026 07:30
e614d4d0-b84d-4c88-80bd-239ce547ef17,fissile.club,premium,29.5,17.7,medium,low,7,namesilo,,,18/08/2026 05:34
1db385ff-9a7d-4cd4-b034-b0b0052896a2,sales.club,premium,5175.2,15.73,high,medium,5,spaceship,,,02/10/2026 10:49
1bb39258-4368-43e8-a812-e96443908bfa,gaffer.club,premium,29.5,17.7,medium,low,6,namesilo,,,
d8258484-ea00-480d-b2a7-d08481b78daf,mammary.club,premium,29.5,17.7,medium,low,7,namesilo,,,24/08/2026 14:23
7471f1b2-9f2e-4bcf-bf79-e6db959f5681,rookie.club,premium,819.27,16.9,high,low,6,porkbun,,,29/09/2026 12:33
69788713-a642-4097-a121-0c92a2d8e798,drastic.club,premium,32.5,19.5,high,low,7,namecheap,,,14/08/2026 18:27
9d6c9fb3-2b76-443e-925c-2b4a1d97827d,palacios.club,available,4.99,19.49,medium,low,8,namesilo,,,02/10/2026 20:39
4e9cf50b-f005-4ba3-8580-b0e5c9274028,crp.club,premium,181.33,15.73,medium,low,3,spaceship,,,02/10/2026 23:47
20065563-dd78-486c-b98d-e6657c7882ab,countless.club,premium,33.49,20.09,high,low,9,name.com,,,24/09/2026 00:28
221fec93-9973-4bd8-92e7-88adc60e30f9,stupid.club,resell,,,high,low,6,,,,28/09/2026 01:43
aff5e993-35b5-4112-a8f1-427052d60d02,tyndall.club,available,3.82,15.78,medium,low,7,spaceship,,,30/09/2026 17:44
fd35b77b-bb5a-4837-aa91-585663343ce6,fishtail.club,available,4.99,19.49,medium,low,9,namesilo,,,
fc4bddc7-29a5-4ded-8bea-25f9ca9a74d9,lapse.club,premium,29.5,17.7,high,low,5,namesilo,,,27/09/2026 14:20
172b3ef4-4e75-4c35-ad86-31c5ae147cff,santos.club,premium,130,19.5,medium,low,6,namecheap,,,28/09/2026 15:17
96e777e7-d6d5-4a35-b750-87f47291487c,aglaia.club,available,4.98,24.98,medium,low,6,namecheap,,,17/09/2026 18:17
fa1ab717-e80f-41e3-b2c2-c1c8d558ce83,retired.club,resell,,,high,low,7,Go Canada Domains Inc,07/05/2014 15:01,06/05/2027 23:59,27/09/2026 13:17
74333044-aea5-4e25-817e-985745abe1bb,peculiar.club,premium,29.5,17.7,high,low,8,namesilo,,,13/08/2026 11:08
c2a43d18-6143-4db9-978d-44d59a11b9fb,entitlements.club,premium,29.5,17.7,medium,low,12,namesilo,,,01/10/2026 00:42
cc59a054-1924-47dc-9f81-7a6c87241c15,carbonara.club,premium,29.5,17.7,high,low,9,namesilo,,,24/09/2026 12:46
529e0d6c-77c5-4539-a0a4-407eb9d6d1aa,abort.club,premium,29.5,17.7,high,low,5,namesilo,,,16/09/2026 16:38
80e00168-e22d-4540-9170-0fd1f4234716,diametric.club,available,4.98,24.98,medium,low,9,namecheap,,,14/08/2026 05:56
08e98a64-ac65-4aaa-88e7-797489653d9f,thrips.club,premium,25.5,,medium,low,6,unstoppable,,,02/10/2026 16:58
72c9aed1-150d-4950-9283-edef513dd138,arethusa.club,available,4.99,19.49,medium,low,8,namesilo,,,20/09/2026 04:04
bc3541fc-8cc5-4a03-9588-7d11af40a831,accuser.club,premium,29.5,17.7,medium,low,7,namesilo,,,28/09/2026 17:32
55e6c714-1c86-455a-87b4-66c652ac0e99,public.club,resell,,,high,medium,6,"GoDaddy.com, LLC",24/07/2017 00:00,24/07/2027 00:00,27/09/2026 08:01
a7bdb0f0-f1f4-4f9f-9013-55aeb4b33cc8,fiction.club,premium,1035.2,15.73,high,low,7,spaceship,,,29/09/2026 18:50
4051304b-9e43-481a-a8a6-c141c2541a5b,aggregates.club,premium,26.08,15.73,medium,low,10,spaceship,,,28/09/2026 08:51
835b8c78-251d-448a-ad6d-59b157cb6722,kenji.club,available,4.98,24.98,medium,low,5,namecheap,,,02/10/2026 00:38
eb8e3cd9-1569-4336-8a5d-cf1694f159ce,rabid.club,premium,29.5,17.7,medium,low,5,namesilo,,,17/08/2026 21:52
1c829764-23f6-44e9-86d2-7c1138383855,studying.club,premium,1107,17.7,high,low,8,namesilo,,,25/09/2026 09:55
eaca3815-f639-4f2d-8006-24e105cae8fc,intent.club,premium,960,17.7,high,low,6,namesilo,,,
d7f2b7d8-7a97-4b6a-83ae-6a0d22e5515f,atrophy.club,premium,29.5,17.7,medium,low,7,namesilo,,,13/09/2026 12:50
706cd0b4-abbe-4e01-8717-86ad5e7f1e2d,lxxx.club,available,4.98,24.98,medium,low,4,namecheap,,,
3b610525-a04d-4f6f-8f11-e3d580b61ed6,hesiod.club,premium,29.5,17.7,medium,low,6,namesilo,,,02/10/2026 15:41
cf5407e4-b636-4cfb-9f2e-84741a5d9624,bronze.club,resell,,,high,low,6,Go Australia Domains Inc,07/05/2014 15:01,06/05/2028 23:59,26/09/2026 04:38
44abb0c3-420c-41cc-a8c3-41def4b91227,palgrave.club,premium,29.5,17.7,medium,low,8,namesilo,,,01/10/2026 19:38
3fc3cb06-d7d2-4a5c-97ca-98941f537921,transitory.club,premium,29.5,17.7,medium,low,10,namesilo,,,17/08/2026 10:19
d5c2cf3e-e9e0-4c0b-9b5b-15fa6b2518d7,standardised.club,available,3.82,15.78,medium,low,12,spaceship,,,02/10/2026 03:58
8cf858d5-0e30-447f-ab42-8b86c8821373,investigative.club,premium,,,medium,low,13,,,,29/09/2026 08:53
9a00dc0a-d75a-49cc-b20d-6247d808812f,schoolboy.club,premium,25.5,,high,low,9,unstoppable,,,02/10/2026 06:20
e55e9884-3581-4dfc-ad02-a59244414b1d,trustees.club,premium,,,high,low,8,,,,29/09/2026 23:08
b80d67e6-6af3-4703-839c-c9f4ffcc6ff2,hurricane.club,premium,1035.2,15.73,high,low,9,spaceship,,,27/09/2026 14:11
005c1b5e-56d2-49df-b6e0-4113e5a27955,respondents.club,premium,29.5,17.7,medium,low,11,namesilo,,,25/09/2026 21:41
f4a7ae83-a085-441d-896e-097f56c73044,purchases.club,premium,50.5,,medium,low,9,unstoppable,,,30/09/2026 07:19
f46b98a4-5fc6-44d9-85b8-e139611f7003,pseud.club,available,1.98,24.98,medium,low,5,namecheap,,,09/09/2026 05:04
592ffaff-0fb6-43fb-9be6-c71258c4be30,fades.club,premium,26.08,15.73,medium,low,5,spaceship,,,01/10/2026 00:52
2223c239-0b2d-4c29-871c-fa4af3409185,academics.club,premium,776.45,15.73,high,low,9,spaceship,,,01/10/2026 03:36
8894966d-1fc6-4acb-8a29-8b6619eb137e,actinic.club,available,4.98,24.98,medium,low,7,namecheap,,,
796d1625-d0c8-44a5-91a4-2598349186b6,deprive.club,premium,26.08,15.73,medium,low,7,spaceship,,,30/09/2026 18:51
368efee8-61f8-46c2-b016-9f58ba45830c,angevine.club,available,4.99,19.49,medium,low,8,namesilo,,,19/09/2026 06:07
1338eba7-94bf-40ba-ad3e-740c6c11b3e0,aerobiotic.club,available,4.98,24.98,medium,low,10,namecheap,,,
ed45b944-5a55-4ce7-bb39-4418e22bde8b,leaning.club,premium,29.5,17.7,high,low,7,namesilo,,,07/08/2026 13:24
0216f596-d7b2-4271-b910-16b6650135ee,brennan.club,premium,116,17.7,medium,low,7,namesilo,,,25/09/2026 21:53
9a68cf13-0005-4153-b132-1d91f5a240af,saudi.club,premium,6500,19.5,high,low,5,namecheap,,,09/09/2026 21:58
5f803dfa-7fb0-4d7b-af23-b58cad2287d7,muck.club,premium,29.5,17.7,medium,low,4,namesilo,,,25/09/2026 00:13
3486e962-d61c-4d6e-86f7-9ea89d4f0d7a,tipped.club,premium,29.5,17.7,high,low,6,namesilo,,,07/08/2026 13:33
ff7509db-6d40-4ec4-a074-bea1f9c70855,inadequate.club,premium,29.5,17.7,medium,low,10,namesilo,,,22/08/2026 00:12
60b00035-caa0-422a-bbe2-664e5cd48816,clump.club,premium,29.5,17.7,medium,low,5,namesilo,,,11/09/2026 15:08
6a784038-dea9-44be-a371-19597253c6fa,ashland.club,resell,,,high,low,7,,,,27/09/2026 08:14
2041114c-d518-4be2-8ea1-304538238777,daylong.club,premium,33.49,20.09,medium,low,7,name.com,,,13/08/2026 18:51
7745a132-8a47-48b3-8874-33ff5178f7b3,publish.club,premium,1035.2,15.73,high,low,7,spaceship,,,28/09/2026 06:03
136fc749-0161-48df-a006-54f2a5c05698,realizable.club,available,4.99,19.49,high,low,10,namesilo,,,21/09/2026 15:51
7bad2400-75df-477a-b81d-3ab8c64ffb49,promotion.club,premium,1107,17.7,high,low,9,namesilo,,,28/09/2026 18:56
9fb6d072-dd61-4c8c-8913-1ab1dca48d66,delicacy.club,premium,33.49,20.09,high,low,8,name.com,,,13/08/2026 15:51
12735880-28ef-485a-9391-97229524a624,anisette.club,premium,32.5,19.5,medium,low,8,namecheap,,,19/09/2026 09:29
7a54d55f-0047-4dfd-bd83-0d3e6058e152,sandaled.club,available,1.98,24.98,high,medium,8,namecheap,,,09/09/2026 21:11
e3a79b11-0737-43c2-8791-d43d4e45df2c,tianjin.club,premium,,,medium,low,7,,,,29/09/2026 02:17
289d6b2d-a88c-4c5c-9415-a644b1de7a84,basket.club,premium,1092.18,16.9,high,low,6,porkbun,,,29/09/2026 01:26
ca6a71cb-6e5a-44fa-be82-0c4904c97010,neurotoxic.club,available,4.98,24.98,medium,low,10,namecheap,,,03/09/2026 16:25
bcfc43d8-e8eb-4dba-b668-9cae5e653eaa,immorality.club,premium,29.5,17.7,medium,low,10,namesilo,,,17/08/2026 15:04
42564589-4099-46f4-a237-f30291576639,joyously.club,premium,32.5,19.5,high,low,8,namecheap,,,14/09/2026 21:30
9a03027b-6351-4040-86eb-1094a55c1e09,couple.club,premium,960,17.7,high,low,6,namesilo,,,29/09/2026 11:48
1342baa6-6c59-4c74-b745-970c040791b6,atomistic.club,premium,29.5,17.7,low,low,9,namesilo,,,07/08/2026 13:42
a68123f6-0563-4ef6-8977-be1bd4fa9157,protrusive.club,available,1.98,24.98,medium,low,10,namecheap,,,09/09/2026 04:20
64b492cb-7e3e-4f20-bb62-026127cf0387,enables.club,premium,26.08,15.73,medium,low,7,spaceship,,,01/10/2026 00:35
43e5e170-6eac-4b00-ba93-eb0a35441dbf,adapting.club,premium,25.5,,medium,low,8,unstoppable,,,02/10/2026 01:43
50d2c199-e8f3-4e0a-b26d-f5248db7a9fa,pudding.club,premium,776.45,15.73,high,low,7,spaceship,,,28/09/2026 15:09
536088f8-99cc-4097-8a0f-b40bc0a477af,enthusiastic.club,premium,29.5,17.7,high,low,12,namesilo,,,28/09/2026 11:14
adb24e48-f9ba-4577-b9d0-a85cbd350e80,spaceward.club,available,4.99,19.49,medium,low,9,namesilo,,,16/09/2026 05:42
c3871070-105b-49ac-8c3f-63c7a7805410,obtain.club,premium,51.95,15.73,high,low,6,spaceship,,,30/09/2026 21:13
b00a4bb9-38c0-46b1-a2ef-6f3c1daac54e,shitty.club,premium,29.5,17.7,medium,low,6,namesilo,,,13/08/2026 05:14
215087a4-68f7-458e-82d4-37f241afee7f,adjusting.club,premium,29.5,17.7,high,low,9,namesilo,,,29/09/2026 14:33
bc083654-13ca-4588-ac07-c41b878824e4,their.club,resell,,,high,low,5,"Global Domains International, Inc. DBA DomainCostClub.com",29/05/2014 23:23,28/05/2027 23:59,02/10/2026 15:21
2c099cd4-71cf-49e3-b771-702696da8988,throb.club,premium,29.5,17.7,medium,low,5,namesilo,,,11/09/2026 14:49
f5548ecf-5b48-4862-ac33-073dc167e814,nonpublic.club,premium,32.5,19.5,medium,low,9,namecheap,,,03/09/2026 20:20
55d1435a-e9fd-44a2-ac8c-cad1dd0e0e7a,groves.club,premium,26.08,15.73,high,low,6,spaceship,,,29/09/2026 21:37
191af421-08f5-4925-a831-3fdb0ce59714,rootless.club,premium,29.5,17.7,high,medium,8,namesilo,,,09/09/2026 18:36
18fe563c-1909-4000-92a8-014291127f48,pumped.club,premium,26.08,15.73,high,low,6,spaceship,,,29/09/2026 03:14
9033b3fa-aaf4-4242-a435-26230713220c,derisory.club,available,4.98,24.98,low,low,8,namecheap,,,14/08/2026 02:56
d13b016c-74cf-4cce-8fdf-c8521ff0706a,ambiguity.club,premium,975,19.5,medium,low,9,namecheap,,,18/09/2026 16:43
7b2450c7-6b16-4df9-b25c-735c63edcb46,charmingly.club,premium,29.5,17.7,medium,low,10,namesilo,,,14/09/2026 06:21
58ede820-977d-4906-8a9a-40b3b1a37e1d,zoological.club,premium,29.5,17.7,high,low,10,namesilo,,,13/09/2026 15:33
1e39027e-eb55-49e2-8827-ef58e5db44fe,seventy.club,premium,960,17.7,medium,low,7,namesilo,,,
9b78259b-80dc-41cb-bc5d-937e03ab44d4,crowell.club,available,20.5,,medium,low,7,unstoppable,,,29/09/2026 09:14
a70864ff-4097-4891-8291-9a21fa42fc58,sejm.club,available,3.82,15.78,high,low,4,spaceship,,,30/09/2026 20:42
7253cf12-f1b5-4cf2-8484-65cab493b1f7,braga.club,premium,25.5,,high,low,5,unstoppable,,,30/09/2026 08:48
e18a5a43-7616-4991-baf9-92f492389853,ariocarpus.club,available,4.99,19.49,medium,low,10,namesilo,,,20/09/2026 05:32
257597fb-fbf3-47b1-baf2-e48d6cdbbc9d,gravity.club,premium,1107,17.7,high,medium,7,namesilo,,,27/09/2026 13:53
d70b0f3b-7401-4148-aa3e-876312f346af,lasts.club,premium,27.5,15.96,low,low,5,dynadot,,,28/09/2026 09:03
f03305f3-3975-411a-8136-7df3bb313502,aristocratic.club,premium,51.95,15.73,high,low,12,spaceship,,,29/09/2026 20:55
114fb291-352b-48ca-ae53-1fd4c05c9d55,clogged.club,premium,29.5,17.7,medium,low,7,namesilo,,,12/08/2026 06:41
8fd216ba-4ee9-448d-96e9-eca6b5be03e0,untilled.club,available,1.98,24.98,medium,low,8,namecheap,,,12/09/2026 21:24
be04353e-a92e-479e-90f4-60d01293f80d,donatus.club,available,4.99,19.49,medium,low,7,namesilo,,,17/09/2026 12:26
4c0603de-5293-4235-a596-21b6e62929a9,kmt.club,premium,227.5,19.5,medium,low,3,namecheap,,,29/09/2026 22:33
0b3f4f8e-2c28-4b51-8277-b6163baa5d0d,gerhardt.club,premium,26.08,15.73,medium,low,8,spaceship,,,02/10/2026 23:07
76237b02-b5e9-44aa-880d-afd04301996a,desktops.club,premium,29.5,17.7,medium,low,8,namesilo,,,20/09/2026 12:27
39993273-f747-45d0-bed0-3ac7cb0f5916,slate.club,resell,,,high,medium,5,,,,28/09/2026 20:30
87bb318c-74ec-40ed-b168-f7f9b5046a9a,blossoming.club,premium,29.5,17.7,high,low,10,namesilo,,,18/08/2026 09:04
092b1826-5070-4ef8-b603-73d3d9d735c8,pawky.club,available,1.98,24.98,medium,low,5,namecheap,,,08/09/2026 10:57
8e6b0fee-99e8-4b39-87c0-b33dd9e20aae,glory.club,premium,776.45,15.73,high,low,5,spaceship,,,29/09/2026 20:52
eb503cc8-e0e0-4932-b98b-35e006c086c1,chivalric.club,premium,29.5,17.7,high,low,9,namesilo,,,12/08/2026 06:09
7799257e-7020-4888-9121-8874947299c4,wretched.club,premium,29.5,17.7,medium,low,8,namesilo,,,14/08/2026 04:09
0dc44246-f02c-4987-9047-cf60b8531505,suv.club,premium,6900,17.7,high,low,3,namesilo,,,30/09/2026 10:29
38a76650-007d-410b-889a-f9524db535a9,companies.club,premium,116,17.7,high,low,9,namesilo,,,01/10/2026 02:54
e4b2b1cd-5371-4e5e-b435-18f2df94133b,germanium.club,premium,29.5,17.7,medium,low,9,namesilo,,,20/09/2026 22:51
7af7fb2f-89c0-4991-b14d-0f6115d3d00d,seized.club,premium,133.96,,medium,low,6,name.com,,,
29033215-8d1b-4132-a579-5fd25e298590,calabria.club,premium,,,medium,low,8,,,,29/09/2026 06:11
61d2d0f8-ff74-425d-aae9-1780142f5367,changed.club,premium,116,17.7,high,low,7,namesilo,,,12/08/2026 01:53
9f13b8e7-4282-4831-90eb-f077b9dae3e2,acetum.club,available,4.99,19.49,medium,low,6,namesilo,,,17/09/2026 00:18
619fec01-07b7-4e0c-87e5-6fa75c8eb1cb,immodest.club,premium,32.5,19.5,medium,low,8,namecheap,,,21/08/2026 21:09
155de28c-5035-4b14-8b53-8a8a4cc4d91d,wycliffe.club,premium,25.5,,medium,low,8,unstoppable,,,03/10/2026 01:22
8afb2e73-836f-412b-b7a6-1b04014851bb,balalaika.club,premium,29.5,17.7,medium,low,9,namesilo,,,21/09/2026 20:48
1e13de49-3c68-405b-a03d-2e1631bbad38,rickety.club,premium,33.49,20.09,medium,low,7,name.com,,,13/08/2026 20:34
62216121-b57d-40dd-ada1-20cbe52d680d,stationary.club,premium,130,19.5,high,low,10,namecheap,,,10/09/2026 19:12
187ed8c2-8a38-4f6a-929a-71bc710c0f0f,negligence.club,premium,29.5,17.7,medium,low,10,namesilo,,,29/09/2026 07:40
a60d2124-5f36-4742-8482-884abaf11a25,behavior.club,premium,1107,17.7,high,low,8,namesilo,,,23/09/2026 03:06
0af377f5-f62b-4491-acd0-6ca802e96af8,shackled.club,premium,29.5,17.7,medium,low,8,namesilo,,,18/08/2026 02:56
bcbbe31e-cff4-4c31-907d-cf0778c4f88e,belching.club,premium,29.5,17.7,medium,low,8,namesilo,,,23/09/2026 04:36
831ee7de-eb18-4a82-a467-bb4a36d7a951,condensation.club,premium,,,medium,low,12,,,,01/10/2026 13:08
bab6e4ea-62ed-4a71-89c8-f75b9d959af1,lsi.club,premium,175.5,,high,medium,3,unstoppable,,,02/10/2026 22:46
178a48b9-9204-4e1d-85ad-6171431e135f,pursue.club,resell,,,high,low,6,,,,28/09/2026 06:57
05f1a231-bd21-4a34-a1c9-e2d50c7500cf,onslow.club,available,4.99,19.49,medium,low,6,namesilo,,,02/10/2026 01:05
a090d4e3-3181-4963-aa62-9965847521a8,blanch.club,premium,29.5,17.7,medium,low,6,namesilo,,,04/09/2026 23:27
f7abc57e-b1dc-4d02-a7a9-25c30640b020,struggle.club,premium,750.5,17.7,high,low,8,unstoppable,,,29/09/2026 09:49
e803c8a6-2c94-4327-b03f-0732d2291657,coagulate.club,available,4.98,24.98,medium,low,9,namecheap,,,12/08/2026 13:27
c3c301e8-6578-4223-8357-66968a753878,observer.club,premium,960,17.7,high,low,8,namesilo,,,27/09/2026 03:30
336f8fb9-d835-400b-b00a-0579f9054d48,sallow.club,premium,32.5,19.5,high,medium,6,namecheap,,,09/09/2026 20:56
0724984b-11bb-483e-a1a3-86f4490a28a7,bryant.club,premium,116,17.7,high,low,6,namesilo,,,25/09/2026 17:45
c6e24722-b2bb-45bb-85bb-0cd218098355,circle.club,resell,,,high,medium,6,"GoDaddy.com, LLC",21/03/2018 17:46,21/03/2028 17:46,27/09/2026 16:29
c3acdacd-f268-489c-b7d4-4d2b20baad2b,definitive.club,premium,960,17.7,high,low,10,namesilo,,,12/08/2026 09:45
bc746fba-591a-413d-be4f-249c7097df7c,widespread.club,premium,29.5,17.7,high,low,10,namesilo,,,24/09/2026 16:57
ef6fe91d-8ff0-4f05-a8d9-541cf266ae80,kenneth.club,premium,325,19.5,high,low,7,namecheap,,,25/09/2026 19:13
5c531440-f4d1-40e0-924f-25302095aa5b,cxlv.club,available,4.98,24.98,medium,low,4,namecheap,,,
91eec624-be83-430e-9793-69f11e21bcb9,departments.club,premium,29.5,17.7,medium,low,11,namesilo,,,29/09/2026 17:21
d1f84924-f560-4bec-91b0-c9350da9b37a,reactions.club,premium,50.5,,medium,low,9,unstoppable,,,29/09/2026 05:35
260cf4ec-34b2-4f7f-ab75-2af7a0e65aaf,cells.club,premium,33.49,,medium,low,5,name.com,,,
d1e7f193-3994-4da3-8098-3e66e269321b,credibly.club,premium,29.5,17.7,medium,low,8,namesilo,,,14/09/2026 09:26
faf05a53-21d2-47f8-81d5-cc831f72bdb2,breathe.club,premium,1107,17.7,high,low,7,namesilo,,,30/09/2026 16:28
3db3047c-0cbe-40c3-8b6f-f401d2ce08cd,natchitoches.club,available,4.98,24.98,medium,low,12,namecheap,,,03/10/2026 06:08
0dff64b7-699e-4875-ab56-4538d50c4dc2,prehensile.club,available,1.98,24.98,medium,low,10,namecheap,,,07/08/2026 22:14
b3e77a26-bda1-4f8d-8ada-0b0b0ab85fb1,bedfordshire.club,available,15.2,15.2,medium,low,12,cloudflare,,,30/09/2026 12:54
5c431f40-9216-48e8-837e-8e678cfbb921,unintentional.club,premium,27.5,15.96,medium,low,13,dynadot,,,02/10/2026 07:05
de01c6f7-262f-4e3d-83a1-940accc8456d,promising.club,premium,32.5,19.5,high,low,9,namecheap,,,27/09/2026 07:28
8d1106da-c007-45cf-bf89-6f1bebd71e60,athyrium.club,available,4.98,24.98,medium,low,8,namecheap,,,20/09/2026 21:22
99c0c10d-7a87-4024-abf6-d01fc1bef60c,bodied.club,premium,29.5,17.7,medium,low,6,namesilo,,,10/08/2026 16:44
e389d4f1-0ab0-4e14-b158-39e87bb3f0c3,thirties.club,premium,53.92,17.7,medium,low,8,namesilo,,,16/09/2026 12:05
565d10e7-8691-46e3-a6a4-1f5b8f4aa033,advertiser.club,premium,53.92,17.7,high,low,10,namesilo,,,17/09/2026 08:38
550d86b5-80d1-4f54-a0d5-26ac13f9f337,kurakkan.club,available,4.99,19.49,medium,low,8,namesilo,,,17/09/2026 15:21
a437dc1d-76b6-4be3-a033-433a9d7b27ce,achondrite.club,available,4.99,19.49,medium,low,10,namesilo,,,17/09/2026 00:54
86179534-1ccb-4f55-abdb-bc717c927939,concentric.club,premium,32.5,19.5,high,low,10,namecheap,,,12/08/2026 19:57
c67148a4-77f3-40ce-93c2-938ade808b94,tripoli.club,premium,960,17.7,high,low,7,namesilo,,,02/10/2026 14:32
a2d27ab5-f43b-4d63-b202-0476ad33d15f,turbulent.club,premium,29.5,17.7,medium,low,9,namesilo,,,14/08/2026 12:26
05aacee4-c803-4f0d-820f-f087774cc105,behaved.club,premium,26.08,15.73,high,low,7,spaceship,,,30/09/2026 05:57
88e4fad2-74b8-4a41-b2e2-48834b877941,alpenstock.club,available,4.99,19.49,medium,low,10,namesilo,,,18/09/2026 13:32
5ace8dee-a57b-4002-a8db-b03f1a3a3e44,mellowed.club,premium,29.5,17.7,medium,low,8,namesilo,,,24/08/2026 19:36
e657f138-b8bd-46d1-bab0-e3194d2a13e4,agrippina.club,available,4.98,24.98,medium,low,9,namecheap,,,17/09/2026 19:33
80d720ff-6fb8-494f-b0b3-7574fb9169d9,specialist.club,premium,3450,17.7,high,low,10,namesilo,,,28/09/2026 02:23
a80ebd6b-f507-41c4-9cdc-a87d18e6b147,vastly.club,premium,29.5,17.7,high,low,6,namesilo,,,15/09/2026 01:56
02c1b416-6cbf-4d4a-929e-b1294e11e72f,weep.club,premium,25.5,,high,low,4,unstoppable,,,29/09/2026 14:16
a2147892-2f2f-4b39-8d6a-ec475dd18362,loth.club,premium,29.5,17.7,medium,low,4,namesilo,,,24/08/2026 08:19
c21a36dd-276d-4976-831e-369d09d992d9,lamps.club,premium,103.7,15.73,medium,low,5,spaceship,,,29/09/2026 11:04
fb1662e0-9e6a-4b24-a523-3fcd8567035b,neel.club,resell,,,medium,low,4,,,,01/10/2026 20:23
d42233ec-151c-4962-a8a4-cc5d42a4a04b,mckean.club,available,3.82,15.78,medium,low,6,spaceship,,,30/09/2026 05:34
5cb5854a-18e9-4667-a6e7-ff6a5c1075c7,winkler.club,premium,26.08,15.73,high,low,7,spaceship,,,29/09/2026 03:40
cf21cc7b-4bc0-4e40-a493-7f202e314219,ways.club,premium,302.5,17.7,high,low,4,namesilo,,,30/09/2026 11:08
7876ab40-c660-40ed-a3da-d356cc85a295,incision.club,premium,29.5,17.7,high,low,8,namesilo,,,30/09/2026 01:58
b3041006-3e6b-463f-a3e3-c7e682d787b9,multiplied.club,premium,29.5,17.7,medium,low,10,namesilo,,,03/09/2026 10:54
13f1b28c-7475-417b-ad53-3cb41069d953,modify.club,premium,825,15.96,high,low,6,dynadot,,,29/09/2026 06:19
09057ae7-64ed-4af8-ac78-2755868f1b05,windswept.club,premium,29.5,17.7,medium,low,9,namesilo,,,13/09/2026 12:16
6e85f328-d0b8-41eb-92c1-641ecf9b4f27,snotty.club,premium,29.5,17.7,medium,low,6,namesilo,,,09/08/2026 20:42
0b7aad44-b9bf-498b-af17-b7082ce81fac,therapeutic.club,premium,960,17.7,high,low,11,namesilo,,,29/09/2026 14:26
0c081276-01fb-4ec7-8921-b7b293dd7f0b,activewear.club,premium,302.5,17.7,high,low,10,namesilo,,,17/09/2026 05:14
481601ca-4436-4782-a822-41034cd096c8,corrugated.club,premium,29.5,17.7,medium,low,10,namesilo,,,13/08/2026 02:13
3ebf4440-4294-489b-af89-d41d46ab12ae,vocals.club,premium,,,high,low,6,,,,02/10/2026 21:22
eef6bfa4-7a65-4957-a2c8-4bbe920296ff,udp.club,premium,224,17.7,high,low,3,namesilo,,,30/09/2026 20:51
72d14ba1-9e1f-4bb0-8dbf-d3ed74c42bc7,kinetic.club,resell,,,high,low,7,"Spaceship, Inc.",19/04/2015 21:18,18/04/2027 23:59,26/09/2026 07:05
8ff6dcf4-e08d-410c-a973-7e5aa931204e,massachusetts.club,premium,,,medium,low,13,,,,28/09/2026 11:48
4ca31388-758d-4f41-95e1-98ef2de35454,profitable.club,premium,960,17.7,high,low,10,namesilo,,,27/09/2026 07:05
b83f6565-8b88-49a5-875d-091d1a04323f,footless.club,available,2.19,19.49,medium,low,8,namesilo,,,18/08/2026 10:45
3322854f-0c44-4419-ad32-2bc5c5867b6c,hitachi.club,premium,27.5,15.96,high,medium,7,dynadot,,,29/09/2026 15:37
5e45e628-0d5b-44c9-83d1-4107672f399a,zamang.club,available,4.99,19.49,medium,low,6,namesilo,,,18/09/2026 03:18
605a0b62-c82e-4f9d-b837-1abcea6cdbc4,sunken.club,premium,29.5,17.7,medium,low,6,namesilo,,,13/08/2026 22:55
f1335e7e-da02-41b5-9be7-756a182fb106,accuse.club,premium,29.5,17.7,medium,low,6,namesilo,,,29/09/2026 02:41
24c377fd-b474-4bb4-b0de-5e42dffc34ad,replacements.club,premium,29.5,17.7,medium,low,12,namesilo,,,29/09/2026 17:20
0a78cfd6-2a07-403c-a014-670f57c645f2,etta.club,resell,,,high,low,4,,,,30/09/2026 13:19
a13fe13f-857d-4045-be5b-dfb4b325c0ba,graves.club,premium,,,high,low,6,,,,28/09/2026 05:52
3d0500fe-e3d4-4fa6-a9be-ab434955ea06,theology.club,premium,776.45,15.73,high,low,8,spaceship,,,29/09/2026 14:03
1192412a-1917-4ae3-adc2-838ac2f9c33b,enormously.club,premium,29.5,17.7,medium,low,10,namesilo,,,14/09/2026 15:47
b9a351df-8a34-4e9b-b265-7e2657c55ce5,prestigious.club,premium,960,17.7,high,low,11,namesilo,,,29/09/2026 08:35
8e1f6624-c3c1-4e42-bf3e-32fb0f8d8f38,nlrb.club,available,15.2,15.2,medium,low,4,cloudflare,,,29/09/2026 13:32
8d4fb744-cafd-4e93-9cfd-39de844d156e,copesetic.club,available,4.98,24.98,medium,low,9,namecheap,,,13/08/2026 00:22
37c87045-da84-4422-898b-36091358c856,bsarch.club,available,4.99,19.49,medium,low,6,namesilo,,,21/09/2026 14:16
8b13fc46-d0d3-4c8f-b6c0-fc5223bb6997,phobic.club,premium,32.5,19.5,medium,low,6,namecheap,,,08/09/2026 18:56
78b89664-c7c7-4439-870c-14284e48ca3c,tamable.club,available,1.98,24.98,medium,low,7,namecheap,,,11/09/2026 07:36
841333c8-03a2-4a3d-a763-f0512f2e10ef,stitched.club,premium,29.5,17.7,medium,low,8,namesilo,,,10/09/2026 05:09
e539c626-0f95-4770-a11d-63db2e3cc760,amory.club,available,15.2,15.2,medium,low,5,cloudflare,,,02/10/2026 00:25
746a06fe-6c69-4ecd-89b6-75f271e5e7e7,plywood.club,premium,776.45,15.73,high,low,7,spaceship,,,02/10/2026 06:06
212dd6a9-9881-4311-8038-0897ef0d43cf,vigilantly.club,available,4.99,19.49,medium,low,10,namesilo,,,16/09/2026 10:54
41e9c86a-9eea-42b9-b0c7-c4979082b167,scanning.club,premium,776.45,15.73,medium,low,8,spaceship,,,28/09/2026 15:18
85ca8f62-ef99-45b2-834e-2fceaac6da0f,startled.club,premium,32.5,19.5,medium,low,8,namecheap,,,10/09/2026 19:00
d9858de4-cee4-44a5-895d-ed910dd2eaca,ballyrag.club,available,1.98,24.98,medium,low,8,namecheap,,,11/08/2026 08:57
0f1bbe17-e0af-476b-8eec-224fcf791126,benadryl.club,premium,32.5,19.5,high,medium,8,namecheap,,,23/09/2026 07:35
cde9b66c-0ee0-4e93-abd8-dbbbe955c591,night.club,resell,,,high,low,5,1API GmbH,15/10/2015 11:02,14/10/2030 23:59,30/09/2026 05:42
0cdcb20d-57de-4fa0-97e3-6cbfeff76278,activase.club,available,4.98,24.98,medium,low,8,namecheap,,,17/09/2026 05:09
fd5a55ec-a02a-455e-8da7-05c2910f0c7f,cheers.club,resell,,,high,low,6,,,,27/09/2026 06:11